pokemon_id,form_id,type1_id,type2_id,types,attack,defense,stamina,max cp,max_hp,in_game,
1,1,10,14,"('Grass' , 'Poison')",118,111,128,1115,,1,"(1,1,('Grass' , 'Poison'),10,14,118,111,128)"
2,1,10,14,"('Grass' , 'Poison')",151,143,155,1699,,1,"(2,1,('Grass' , 'Poison'),10,14,151,143,155)"
3,1,10,14,"('Grass' , 'Poison')",198,189,190,2720,,1,"(3,1,('Grass' , 'Poison'),10,14,198,189,190)"
4,1,7,,('Fire'),116,93,118,980,,1,"(4,1,('Fire'),7,,116,93,118)"
5,1,7,,('Fire'),158,126,151,1653,,1,"(5,1,('Fire'),7,,158,126,151)"
6,1,7,8,"('Fire' , 'Flying')",223,173,186,2889,,1,"(6,1,('Fire' , 'Flying'),7,8,223,173,186)"
7,1,18,,('Water'),94,121,127,946,,1,"(7,1,('Water'),18,,94,121,127)"
8,1,18,,('Water'),126,155,153,1488,,1,"(8,1,('Water'),18,,126,155,153)"
9,1,18,,('Water'),171,207,188,2466,,1,"(9,1,('Water'),18,,171,207,188)"
10,1,1,,('Bug'),55,55,128,437,,1,"(10,1,('Bug'),1,,55,55,128)"
11,1,1,,('Bug'),45,80,137,450,,1,"(11,1,('Bug'),1,,45,80,137)"
12,1,1,8,"('Bug' , 'Flying')",167,137,155,1827,,1,"(12,1,('Bug' , 'Flying'),1,8,167,137,155)"
13,1,1,14,"('Bug' , 'Poison')",63,50,120,456,,1,"(13,1,('Bug' , 'Poison'),1,14,63,50,120)"
14,1,1,14,"('Bug' , 'Poison')",46,75,128,432,,1,"(14,1,('Bug' , 'Poison'),1,14,46,75,128)"
15,1,1,14,"('Bug' , 'Poison')",169,130,163,1846,,1,"(15,1,('Bug' , 'Poison'),1,14,169,130,163)"
16,1,13,8,"('Normal' , 'Flying')",85,73,120,680,,1,"(16,1,('Normal' , 'Flying'),13,8,85,73,120)"
17,1,13,8,"('Normal' , 'Flying')",117,105,160,1194,,1,"(17,1,('Normal' , 'Flying'),13,8,117,105,160)"
18,1,13,8,"('Normal' , 'Flying')",166,154,195,2129,,1,"(18,1,('Normal' , 'Flying'),13,8,166,154,195)"
19,1,13,,('Normal'),103,70,102,734,,1,"(19,1,('Normal'),13,,103,70,102)"
19,2,2,13,"('Dark' , 'Normal')",103,70,102,734,,1,"(19,2,('Dark' , 'Normal'),2,13,103,70,102)"
20,1,13,,('Normal'),161,139,146,1730,,1,"(20,1,('Normal'),13,,161,139,146)"
20,2,2,13,"('Dark' , 'Normal')",135,154,181,1705,,1,"(20,2,('Dark' , 'Normal'),2,13,135,154,181)"
21,1,13,8,"('Normal' , 'Flying')",112,60,120,798,,1,"(21,1,('Normal' , 'Flying'),13,8,112,60,120)"
22,1,13,8,"('Normal' , 'Flying')",182,133,163,1997,,1,"(22,1,('Normal' , 'Flying'),13,8,182,133,163)"
23,1,14,,('Poison'),110,97,111,927,,1,"(23,1,('Poison'),14,,110,97,111)"
24,1,14,,('Poison'),167,153,155,1921,,1,"(24,1,('Poison'),14,,167,153,155)"
25,1,4,,('Electric'),112,96,111,938,,1,"(25,1,('Electric'),4,,112,96,111)"
26,1,4,,('Electric'),193,151,155,2182,,1,"(26,1,('Electric'),4,,193,151,155)"
26,2,4,15,"('Electric' , 'Psychic')",201,154,155,2286,,1,"(26,2,('Electric' , 'Psychic'),4,15,201,154,155)"
27,1,11,,('Ground'),126,120,137,1261,,1,"(27,1,('Ground'),11,,126,120,137)"
27,2,12,17,"('Ice' , 'Steel')",125,129,137,1293,,1,"(27,2,('Ice' , 'Steel'),12,17,125,129,137)"
28,1,11,,('Ground'),182,175,181,2374,,1,"(28,1,('Ground'),11,,182,175,181)"
28,2,12,17,"('Ice' , 'Steel')",177,195,181,2432,,1,"(28,2,('Ice' , 'Steel'),12,17,177,195,181)"
29,1,14,,('Poison'),86,89,146,816,,1,"(29,1,('Poison'),14,,86,89,146)"
30,1,14,,('Poison'),117,120,172,1309,,1,"(30,1,('Poison'),14,,117,120,172)"
31,1,14,11,"('Poison' , 'Ground')",180,173,207,2488,,1,"(31,1,('Poison' , 'Ground'),14,11,180,173,207)"
32,1,14,,('Poison'),105,76,130,860,,1,"(32,1,('Poison'),14,,105,76,130)"
33,1,14,,('Poison'),137,111,156,1393,,1,"(33,1,('Poison'),14,,137,111,156)"
34,1,14,11,"('Poison' , 'Ground')",204,156,191,2567,,1,"(34,1,('Poison' , 'Ground'),14,11,204,156,191)"
35,1,5,,('Fairy'),107,108,172,1155,,1,"(35,1,('Fairy'),5,,107,108,172)"
36,1,5,,('Fairy'),178,162,216,2437,,1,"(36,1,('Fairy'),5,,178,162,216)"
37,1,7,,('Fire'),96,109,116,883,,1,"(37,1,('Fire'),7,,96,109,116)"
37,2,12,,('Ice'),96,109,116,883,,1,"(37,2,('Ice'),12,,96,109,116)"
38,1,7,,('Fire'),169,190,177,2279,,1,"(38,1,('Fire'),7,,169,190,177)"
38,2,12,5,"('Ice' , 'Fairy')",170,193,177,2309,,1,"(38,2,('Ice' , 'Fairy'),12,5,170,193,177)"
39,1,13,5,"('Normal' , 'Fairy')",80,41,251,724,,1,"(39,1,('Normal' , 'Fairy'),13,5,80,41,251)"
40,1,13,5,"('Normal' , 'Fairy')",156,90,295,1926,,1,"(40,1,('Normal' , 'Fairy'),13,5,156,90,295)"
41,1,14,8,"('Poison' , 'Flying')",83,73,120,667,,1,"(41,1,('Poison' , 'Flying'),14,8,83,73,120)"
42,1,14,8,"('Poison' , 'Flying')",161,150,181,1976,,1,"(42,1,('Poison' , 'Flying'),14,8,161,150,181)"
43,1,10,14,"('Grass' , 'Poison')",131,112,128,1228,,1,"(43,1,('Grass' , 'Poison'),10,14,131,112,128)"
44,1,10,14,"('Grass' , 'Poison')",153,136,155,1681,,1,"(44,1,('Grass' , 'Poison'),10,14,153,136,155)"
45,1,10,14,"('Grass' , 'Poison')",202,167,181,2559,,1,"(45,1,('Grass' , 'Poison'),10,14,202,167,181)"
46,1,1,10,"('Bug' , 'Grass')",121,99,111,1018,,1,"(46,1,('Bug' , 'Grass'),1,10,121,99,111)"
47,1,1,10,"('Bug' , 'Grass')",165,146,155,1859,,1,"(47,1,('Bug' , 'Grass'),1,10,165,146,155)"
48,1,1,14,"('Bug' , 'Poison')",100,100,155,1004,,1,"(48,1,('Bug' , 'Poison'),1,14,100,100,155)"
49,1,1,14,"('Bug' , 'Poison')",179,143,172,2082,,1,"(49,1,('Bug' , 'Poison'),1,14,179,143,172)"
50,1,11,,('Ground'),109,78,67,676,,1,"(50,1,('Ground'),11,,109,78,67)"
50,2,11,17,"('Ground' , 'Steel')",108,81,67,681,,1,"(50,2,('Ground' , 'Steel'),11,17,108,81,67)"
51,1,11,,('Ground'),167,134,111,1557,,1,"(51,1,('Ground'),11,,167,134,111)"
51,2,11,17,"('Ground' , 'Steel')",201,142,111,1897,,1,"(51,2,('Ground' , 'Steel'),11,17,201,142,111)"
52,1,13,,('Normal'),92,78,120,748,,1,"(52,1,('Normal'),13,,92,78,120)"
52,2,2,,('Dark'),99,78,120,797,,1,"(52,2,('Dark'),2,,99,78,120)"
53,1,13,,('Normal'),150,136,163,1689,,1,"(53,1,('Normal'),13,,150,136,163)"
53,2,2,,('Dark'),158,136,163,1771,,1,"(53,2,('Dark'),2,,158,136,163)"
54,1,18,,('Water'),122,95,137,1106,,1,"(54,1,('Water'),18,,122,95,137)"
55,1,18,,('Water'),191,162,190,2450,,1,"(55,1,('Water'),18,,191,162,190)"
56,1,6,,('Fighting'),148,82,120,1164,,1,"(56,1,('Fighting'),6,,148,82,120)"
57,1,6,,('Fighting'),207,138,163,2288,,1,"(57,1,('Fighting'),6,,207,138,163)"
58,1,7,,('Fire'),136,93,146,1243,,1,"(58,1,('Fire'),7,,136,93,146)"
59,1,7,,('Fire'),227,166,207,3029,,1,"(59,1,('Fire'),7,,227,166,207)"
60,1,18,,('Water'),101,82,120,829,,1,"(60,1,('Water'),18,,101,82,120)"
61,1,18,,('Water'),130,123,163,1419,,1,"(61,1,('Water'),18,,130,123,163)"
62,1,18,6,"('Water' , 'Fighting')",182,184,207,2586,,1,"(62,1,('Water' , 'Fighting'),18,6,182,184,207)"
63,1,15,,('Psychic'),195,82,93,1342,,1,"(63,1,('Psychic'),15,,195,82,93)"
64,1,15,,('Psychic'),232,117,120,2059,,1,"(64,1,('Psychic'),15,,232,117,120)"
65,1,15,,('Psychic'),271,167,146,3057,,1,"(65,1,('Psychic'),15,,271,167,146)"
66,1,6,,('Fighting'),137,82,172,1278,,1,"(66,1,('Fighting'),6,,137,82,172)"
67,1,6,,('Fighting'),177,125,190,2031,,1,"(67,1,('Fighting'),6,,177,125,190)"
68,1,6,,('Fighting'),234,159,207,3056,,1,"(68,1,('Fighting'),6,,234,159,207)"
69,1,10,14,"('Grass' , 'Poison')",139,61,137,1033,,1,"(69,1,('Grass' , 'Poison'),10,14,139,61,137)"
70,1,10,14,"('Grass' , 'Poison')",172,92,163,1611,,1,"(70,1,('Grass' , 'Poison'),10,14,172,92,163)"
71,1,10,14,"('Grass' , 'Poison')",207,135,190,2431,,1,"(71,1,('Grass' , 'Poison'),10,14,207,135,190)"
72,1,18,14,"('Water' , 'Poison')",97,149,120,1040,,1,"(72,1,('Water' , 'Poison'),18,14,97,149,120)"
73,1,18,14,"('Water' , 'Poison')",166,209,190,2422,,1,"(73,1,('Water' , 'Poison'),18,14,166,209,190)"
74,1,16,11,"('Rock' , 'Ground')",132,132,120,1293,,1,"(74,1,('Rock' , 'Ground'),16,11,132,132,120)"
74,2,16,4,"('Rock' , 'Electric')",132,132,120,1293,,1,"(74,2,('Rock' , 'Electric'),16,4,132,132,120)"
75,1,16,11,"('Rock' , 'Ground')",164,164,146,1897,,1,"(75,1,('Rock' , 'Ground'),16,11,164,164,146)"
75,2,16,4,"('Rock' , 'Electric')",164,164,146,1897,,1,"(75,2,('Rock' , 'Electric'),16,4,164,164,146)"
76,1,16,11,"('Rock' , 'Ground')",211,198,190,2949,,1,"(76,1,('Rock' , 'Ground'),16,11,211,198,190)"
76,2,16,4,"('Rock' , 'Electric')",211,198,190,2949,,1,"(76,2,('Rock' , 'Electric'),16,4,211,198,190)"
77,1,7,,('Fire'),170,127,137,1697,,1,"(77,1,('Fire'),7,,170,127,137)"
78,1,7,,('Fire'),207,162,163,2461,,1,"(78,1,('Fire'),7,,207,162,163)"
79,1,18,15,"('Water' , 'Psychic')",109,98,207,1226,,1,"(79,1,('Water' , 'Psychic'),18,15,109,98,207)"
80,1,18,15,"('Water' , 'Psychic')",177,180,216,2545,,1,"(80,1,('Water' , 'Psychic'),18,15,177,180,216)"
81,1,4,17,"('Electric' , 'Steel')",165,121,93,1362,,1,"(81,1,('Electric' , 'Steel'),4,17,165,121,93)"
82,1,4,17,"('Electric' , 'Steel')",223,169,137,2485,,1,"(82,1,('Electric' , 'Steel'),4,17,223,169,137)"
83,1,13,8,"('Normal' , 'Flying')",124,115,141,1236,,1,"(83,1,('Normal' , 'Flying'),13,8,124,115,141)"
84,1,13,8,"('Normal' , 'Flying')",158,83,111,1200,,1,"(84,1,('Normal' , 'Flying'),13,8,158,83,111)"
85,1,13,8,"('Normal' , 'Flying')",218,140,155,2362,,1,"(85,1,('Normal' , 'Flying'),13,8,218,140,155)"
86,1,18,,('Water'),85,121,163,971,,1,"(86,1,('Water'),18,,85,121,163)"
87,1,18,12,"('Water' , 'Ice')",139,177,207,1985,,1,"(87,1,('Water' , 'Ice'),18,12,139,177,207)"
88,1,14,,('Poison'),135,90,190,1374,,1,"(88,1,('Poison'),14,,135,90,190)"
88,2,14,2,"('Poison' , 'Dark')",135,90,190,1374,,1,"(88,2,('Poison' , 'Dark'),14,2,135,90,190)"
89,1,14,,('Poison'),190,172,233,2757,,1,"(89,1,('Poison'),14,,190,172,233)"
89,2,14,2,"('Poison' , 'Dark')",190,172,233,2757,,1,"(89,2,('Poison' , 'Dark'),14,2,190,172,233)"
90,1,18,,('Water'),116,134,102,1080,,1,"(90,1,('Water'),18,,116,134,102)"
91,1,18,12,"('Water' , 'Ice')",186,256,137,2547,,1,"(91,1,('Water' , 'Ice'),18,12,186,256,137)"
92,1,9,14,"('Ghost' , 'Poison')",186,67,102,1229,,1,"(92,1,('Ghost' , 'Poison'),9,14,186,67,102)"
93,1,9,14,"('Ghost' , 'Poison')",223,107,128,1963,,1,"(93,1,('Ghost' , 'Poison'),9,14,223,107,128)"
94,1,9,14,"('Ghost' , 'Poison')",261,149,155,2878,,1,"(94,1,('Ghost' , 'Poison'),9,14,261,149,155)"
95,1,16,11,"('Rock' , 'Ground')",85,232,111,1101,,1,"(95,1,('Rock' , 'Ground'),16,11,85,232,111)"
96,1,15,,('Psychic'),89,136,155,1040,,1,"(96,1,('Psychic'),15,,89,136,155)"
97,1,15,,('Psychic'),144,193,198,2090,,1,"(97,1,('Psychic'),15,,144,193,198)"
98,1,18,,('Water'),181,124,102,1561,,1,"(98,1,('Water'),18,,181,124,102)"
99,1,18,,('Water'),240,181,146,2829,,1,"(99,1,('Water'),18,,240,181,146)"
100,1,4,,('Electric'),109,111,120,1010,,1,"(100,1,('Electric'),4,,109,111,120)"
101,1,4,,('Electric'),173,173,155,2099,,1,"(101,1,('Electric'),4,,173,173,155)"
102,1,10,15,"('Grass' , 'Psychic')",107,125,155,1175,,1,"(102,1,('Grass' , 'Psychic'),10,15,107,125,155)"
103,1,10,15,"('Grass' , 'Psychic')",233,149,216,3014,,1,"(103,1,('Grass' , 'Psychic'),10,15,233,149,216)"
103,2,10,3,"('Grass' , 'Dragon')",230,153,216,3014,,1,"(103,2,('Grass' , 'Dragon'),10,3,230,153,216)"
104,1,11,,('Ground'),90,144,137,1019,,1,"(104,1,('Ground'),11,,90,144,137)"
105,1,11,,('Ground'),144,186,155,1835,,1,"(105,1,('Ground'),11,,144,186,155)"
105,2,7,9,"('Fire' , 'Ghost')",144,186,155,1835,,1,"(105,2,('Fire' , 'Ghost'),7,9,144,186,155)"
106,1,6,,('Fighting'),224,181,137,2576,,1,"(106,1,('Fighting'),6,,224,181,137)"
107,1,6,,('Fighting'),193,197,137,2332,,1,"(107,1,('Fighting'),6,,193,197,137)"
108,1,13,,('Normal'),108,137,207,1411,,1,"(108,1,('Normal'),13,,108,137,207)"
109,1,14,,('Poison'),119,141,120,1214,,1,"(109,1,('Poison'),14,,119,141,120)"
110,1,14,,('Poison'),174,197,163,2293,,1,"(110,1,('Poison'),14,,174,197,163)"
111,1,11,16,"('Ground' , 'Rock')",140,127,190,1651,,1,"(111,1,('Ground' , 'Rock'),11,16,140,127,190)"
112,1,11,16,"('Ground' , 'Rock')",222,171,233,3179,,1,"(112,1,('Ground' , 'Rock'),11,16,222,171,233)"
113,1,13,,('Normal'),60,128,487,1255,,1,"(113,1,('Normal'),13,,60,128,487)"
114,1,10,,('Grass'),183,169,163,2238,,1,"(114,1,('Grass'),10,,183,169,163)"
115,1,13,,('Normal'),181,165,233,2586,,1,"(115,1,('Normal'),13,,181,165,233)"
116,1,18,,('Water'),129,103,102,1056,,1,"(116,1,('Water'),18,,129,103,102)"
117,1,18,,('Water'),187,156,146,2093,,1,"(117,1,('Water'),18,,187,156,146)"
118,1,18,,('Water'),123,110,128,1152,,1,"(118,1,('Water'),18,,123,110,128)"
119,1,18,,('Water'),175,147,190,2162,,1,"(119,1,('Water'),18,,175,147,190)"
120,1,18,,('Water'),137,112,102,1157,,1,"(120,1,('Water'),18,,137,112,102)"
121,1,18,15,"('Water' , 'Psychic')",210,184,155,2584,,1,"(121,1,('Water' , 'Psychic'),18,15,210,184,155)"
122,1,15,5,"('Psychic' , 'Fairy')",192,205,120,2228,,1,"(122,1,('Psychic' , 'Fairy'),15,5,192,205,120)"
123,1,1,8,"('Bug' , 'Flying')",218,170,172,2706,,1,"(123,1,('Bug' , 'Flying'),1,8,218,170,172)"
124,1,12,15,"('Ice' , 'Psychic')",223,151,163,2555,,1,"(124,1,('Ice' , 'Psychic'),12,15,223,151,163)"
125,1,4,,('Electric'),198,158,163,2334,,1,"(125,1,('Electric'),4,,198,158,163)"
126,1,7,,('Fire'),206,154,163,2394,,1,"(126,1,('Fire'),7,,206,154,163)"
127,1,1,,('Bug'),238,182,163,2959,,1,"(127,1,('Bug'),1,,238,182,163)"
128,1,13,,('Normal'),198,183,181,2620,,1,"(128,1,('Normal'),13,,198,183,181)"
129,1,18,,('Water'),29,85,85,274,,1,"(129,1,('Water'),18,,29,85,85)"
130,1,18,8,"('Water' , 'Flying')",237,186,216,3391,,1,"(130,1,('Water' , 'Flying'),18,8,237,186,216)"
131,1,18,12,"('Water' , 'Ice')",165,174,277,2641,,1,"(131,1,('Water' , 'Ice'),18,12,165,174,277)"
132,1,13,,('Normal'),91,91,134,832,,1,"(132,1,('Normal'),13,,91,91,134)"
133,1,13,,('Normal'),104,114,146,1071,,1,"(133,1,('Normal'),13,,104,114,146)"
134,1,18,,('Water'),205,161,277,3114,,1,"(134,1,('Water'),18,,205,161,277)"
135,1,4,,('Electric'),232,182,163,2888,,1,"(135,1,('Electric'),4,,232,182,163)"
136,1,7,,('Fire'),246,179,163,3029,,1,"(136,1,('Fire'),7,,246,179,163)"
137,1,13,,('Normal'),153,136,163,1720,,1,"(137,1,('Normal'),13,,153,136,163)"
138,1,16,18,"('Rock' , 'Water')",155,153,111,1544,,1,"(138,1,('Rock' , 'Water'),16,18,155,153,111)"
139,1,16,18,"('Rock' , 'Water')",207,201,172,2786,,1,"(139,1,('Rock' , 'Water'),16,18,207,201,172)"
140,1,16,18,"('Rock' , 'Water')",148,140,102,1370,,1,"(140,1,('Rock' , 'Water'),16,18,148,140,102)"
141,1,16,18,"('Rock' , 'Water')",220,186,155,2713,,1,"(141,1,('Rock' , 'Water'),16,18,220,186,155)"
142,1,16,8,"('Rock' , 'Flying')",221,159,190,2783,,1,"(142,1,('Rock' , 'Flying'),16,8,221,159,190)"
143,1,13,,('Normal'),190,169,330,3225,,1,"(143,1,('Normal'),13,,190,169,330)"
144,1,12,8,"('Ice' , 'Flying')",192,236,207,3051,,1,"(144,1,('Ice' , 'Flying'),12,8,192,236,207)"
145,1,4,8,"('Electric' , 'Flying')",253,185,207,3527,,1,"(145,1,('Electric' , 'Flying'),4,8,253,185,207)"
146,1,7,8,"('Fire' , 'Flying')",251,181,207,3465,,1,"(146,1,('Fire' , 'Flying'),7,8,251,181,207)"
147,1,3,,('Dragon'),119,91,121,1004,,1,"(147,1,('Dragon'),3,,119,91,121)"
148,1,3,,('Dragon'),163,135,156,1780,,1,"(148,1,('Dragon'),3,,163,135,156)"
149,1,3,8,"('Dragon' , 'Flying')",263,198,209,3792,,1,"(149,1,('Dragon' , 'Flying'),3,8,263,198,209)"
150,1,15,,('Psychic'),300,182,214,4178,,1,"(150,1,('Psychic'),15,,300,182,214)"
150,4,15,,('Psychic'),182,278,214,3187,,1,"(150,4,('Psychic'),15,,182,278,214)"
151,1,15,,('Psychic'),210,210,225,3265,,1,"(151,1,('Psychic'),15,,210,210,225)"
152,1,10,,('Grass'),92,122,128,935,,1,"(152,1,('Grass'),10,,92,122,128)"
153,1,10,,('Grass'),122,155,155,1454,,1,"(153,1,('Grass'),10,,122,155,155)"
154,1,10,,('Grass'),168,202,190,2410,,1,"(154,1,('Grass'),10,,168,202,190)"
155,1,7,,('Fire'),116,93,118,980,,1,"(155,1,('Fire'),7,,116,93,118)"
156,1,7,,('Fire'),158,126,151,1653,,1,"(156,1,('Fire'),7,,158,126,151)"
157,1,7,,('Fire'),223,173,186,2889,,1,"(157,1,('Fire'),7,,223,173,186)"
158,1,18,,('Water'),117,109,137,1131,,1,"(158,1,('Water'),18,,117,109,137)"
159,1,18,,('Water'),150,142,163,1722,,1,"(159,1,('Water'),18,,150,142,163)"
160,1,18,,('Water'),205,188,198,2857,,1,"(160,1,('Water'),18,,205,188,198)"
161,1,13,,('Normal'),79,73,111,618,,1,"(161,1,('Normal'),13,,79,73,111)"
162,1,13,,('Normal'),148,125,198,1758,,1,"(162,1,('Normal'),13,,148,125,198)"
163,1,13,8,"('Normal' , 'Flying')",67,88,155,677,,1,"(163,1,('Normal' , 'Flying'),13,8,67,88,155)"
164,1,13,8,"('Normal' , 'Flying')",145,156,225,2024,,1,"(164,1,('Normal' , 'Flying'),13,8,145,156,225)"
165,1,1,8,"('Bug' , 'Flying')",72,118,120,728,,1,"(165,1,('Bug' , 'Flying'),1,8,72,118,120)"
166,1,1,8,"('Bug' , 'Flying')",107,179,146,1346,,1,"(166,1,('Bug' , 'Flying'),1,8,107,179,146)"
167,1,1,14,"('Bug' , 'Poison')",105,73,120,816,,1,"(167,1,('Bug' , 'Poison'),1,14,105,73,120)"
168,1,1,14,"('Bug' , 'Poison')",161,124,172,1772,,1,"(168,1,('Bug' , 'Poison'),1,14,161,124,172)"
169,1,14,8,"('Poison' , 'Flying')",194,178,198,2646,,1,"(169,1,('Poison' , 'Flying'),14,8,194,178,198)"
170,1,18,4,"('Water' , 'Electric')",106,97,181,1119,,1,"(170,1,('Water' , 'Electric'),18,4,106,97,181)"
171,1,18,4,"('Water' , 'Electric')",146,137,268,2085,,1,"(171,1,('Water' , 'Electric'),18,4,146,137,268)"
172,1,4,,('Electric'),77,53,85,473,,1,"(172,1,('Electric'),4,,77,53,85)"
173,1,5,,('Fairy'),75,79,137,671,,1,"(173,1,('Fairy'),5,,75,79,137)"
174,1,13,5,"('Normal' , 'Fairy')",69,32,207,535,,1,"(174,1,('Normal' , 'Fairy'),13,5,69,32,207)"
175,1,5,,('Fairy'),67,116,111,657,,1,"(175,1,('Fairy'),5,,67,116,111)"
176,1,5,8,"('Fairy' , 'Flying')",139,181,146,1708,,1,"(176,1,('Fairy' , 'Flying'),5,8,139,181,146)"
177,1,15,8,"('Psychic' , 'Flying')",134,89,120,1102,,1,"(177,1,('Psychic' , 'Flying'),15,8,134,89,120)"
178,1,15,8,"('Psychic' , 'Flying')",192,146,163,2188,,1,"(178,1,('Psychic' , 'Flying'),15,8,192,146,163)"
179,1,4,,('Electric'),114,79,146,991,,1,"(179,1,('Electric'),4,,114,79,146)"
180,1,4,,('Electric'),145,109,172,1521,,1,"(180,1,('Electric'),4,,145,109,172)"
181,1,4,,('Electric'),211,169,207,2852,,1,"(181,1,('Electric'),4,,211,169,207)"
182,1,10,,('Grass'),169,186,181,2281,,1,"(182,1,('Grass'),10,,169,186,181)"
183,1,18,5,"('Water' , 'Fairy')",37,93,172,461,,1,"(183,1,('Water' , 'Fairy'),18,5,37,93,172)"
184,1,18,5,"('Water' , 'Fairy')",112,152,225,1588,,1,"(184,1,('Water' , 'Fairy'),18,5,112,152,225)"
185,1,16,,('Rock'),167,176,172,2148,,1,"(185,1,('Rock'),16,,167,176,172)"
186,1,18,,('Water'),174,179,207,2449,,1,"(186,1,('Water'),18,,174,179,207)"
187,1,10,8,"('Grass' , 'Flying')",67,94,111,600,,1,"(187,1,('Grass' , 'Flying'),10,8,67,94,111)"
188,1,10,8,"('Grass' , 'Flying')",91,120,146,976,,1,"(188,1,('Grass' , 'Flying'),10,8,91,120,146)"
189,1,10,8,"('Grass' , 'Flying')",118,183,181,1636,,1,"(189,1,('Grass' , 'Flying'),10,8,118,183,181)"
190,1,13,,('Normal'),136,112,146,1348,,1,"(190,1,('Normal'),13,,136,112,146)"
191,1,10,,('Grass'),55,55,102,395,,1,"(191,1,('Grass'),10,,55,55,102)"
192,1,10,,('Grass'),185,135,181,2141,,1,"(192,1,('Grass'),10,,185,135,181)"
193,1,1,8,"('Bug' , 'Flying')",154,94,163,1470,,1,"(193,1,('Bug' , 'Flying'),1,8,154,94,163)"
194,1,18,11,"('Water' , 'Ground')",75,66,146,641,,1,"(194,1,('Water' , 'Ground'),18,11,75,66,146)"
195,1,18,11,"('Water' , 'Ground')",152,143,216,1992,,1,"(195,1,('Water' , 'Ground'),18,11,152,143,216)"
196,1,15,,('Psychic'),261,175,163,3170,,1,"(196,1,('Psychic'),15,,261,175,163)"
197,1,2,,('Dark'),126,240,216,2137,,1,"(197,1,('Dark'),2,,126,240,216)"
198,1,2,8,"('Dark' , 'Flying')",175,87,155,1562,,1,"(198,1,('Dark' , 'Flying'),2,8,175,87,155)"
199,1,18,15,"('Water' , 'Psychic')",177,180,216,2545,,1,"(199,1,('Water' , 'Psychic'),18,15,177,180,216)"
200,1,9,,('Ghost'),167,154,155,1926,,1,"(200,1,('Ghost'),9,,167,154,155)"
201,1,15,,('Psychic'),136,91,134,1185,,1,"(201,1,('Psychic'),15,,136,91,134)"
202,1,15,,('Psychic'),60,106,382,1026,,1,"(202,1,('Psychic'),15,,60,106,382)"
203,1,13,15,"('Normal' , 'Psychic')",182,133,172,2046,,1,"(203,1,('Normal' , 'Psychic'),13,15,182,133,172)"
204,1,1,,('Bug'),108,122,137,1108,,1,"(204,1,('Bug'),1,,108,122,137)"
205,1,1,17,"('Bug' , 'Steel')",161,205,181,2282,,1,"(205,1,('Bug' , 'Steel'),1,17,161,205,181)"
206,1,13,,('Normal'),131,128,225,1689,,1,"(206,1,('Normal'),13,,131,128,225)"
207,1,11,8,"('Ground' , 'Flying')",143,184,163,1857,,1,"(207,1,('Ground' , 'Flying'),11,8,143,184,163)"
208,1,17,11,"('Steel' , 'Ground')",148,272,181,2414,,1,"(208,1,('Steel' , 'Ground'),17,11,148,272,181)"
209,1,5,,('Fairy'),137,85,155,1237,,1,"(209,1,('Fairy'),5,,137,85,155)"
210,1,5,,('Fairy'),212,131,207,2552,,1,"(210,1,('Fairy'),5,,212,131,207)"
211,1,18,14,"('Water' , 'Poison')",184,138,163,2051,,1,"(211,1,('Water' , 'Poison'),18,14,184,138,163)"
212,1,1,17,"('Bug' , 'Steel')",236,181,172,3001,,1,"(212,1,('Bug' , 'Steel'),1,17,236,181,172)"
213,1,1,16,"('Bug' , 'Rock')",17,396,85,405,,1,"(213,1,('Bug' , 'Rock'),1,16,17,396,85)"
214,1,1,6,"('Bug' , 'Fighting')",234,179,190,3101,,1,"(214,1,('Bug' , 'Fighting'),1,6,234,179,190)"
215,1,2,12,"('Dark' , 'Ice')",189,146,146,2051,,1,"(215,1,('Dark' , 'Ice'),2,12,189,146,146)"
216,1,13,,('Normal'),142,93,155,1328,,1,"(216,1,('Normal'),13,,142,93,155)"
217,1,13,,('Normal'),236,144,207,2945,,1,"(217,1,('Normal'),13,,236,144,207)"
218,1,7,,('Fire'),118,71,120,895,,1,"(218,1,('Fire'),7,,118,71,120)"
219,1,7,16,"('Fire' , 'Rock')",139,191,137,1702,,1,"(219,1,('Fire' , 'Rock'),7,16,139,191,137)"
220,1,12,11,"('Ice' , 'Ground')",90,69,137,741,,1,"(220,1,('Ice' , 'Ground'),12,11,90,69,137)"
221,1,12,11,"('Ice' , 'Ground')",181,138,225,2345,,1,"(221,1,('Ice' , 'Ground'),12,11,181,138,225)"
222,1,18,16,"('Water' , 'Rock')",118,156,146,1378,,1,"(222,1,('Water' , 'Rock'),18,16,118,156,146)"
223,1,18,,('Water'),127,69,111,912,,1,"(223,1,('Water'),18,,127,69,111)"
224,1,18,,('Water'),197,141,181,2315,,1,"(224,1,('Water'),18,,197,141,181)"
225,1,12,8,"('Ice' , 'Flying')",128,90,128,1094,,1,"(225,1,('Ice' , 'Flying'),12,8,128,90,128)"
226,1,18,8,"('Water' , 'Flying')",148,226,163,2108,,1,"(226,1,('Water' , 'Flying'),18,8,148,226,163)"
227,1,17,8,"('Steel' , 'Flying')",148,226,163,2108,,1,"(227,1,('Steel' , 'Flying'),17,8,148,226,163)"
228,1,2,7,"('Dark' , 'Fire')",152,83,128,1234,,1,"(228,1,('Dark' , 'Fire'),2,7,152,83,128)"
229,1,2,7,"('Dark' , 'Fire')",224,144,181,2635,,1,"(229,1,('Dark' , 'Fire'),2,7,224,144,181)"
230,1,18,3,"('Water' , 'Dragon')",194,194,181,2641,,1,"(230,1,('Water' , 'Dragon'),18,3,194,194,181)"
231,1,11,,('Ground'),107,98,207,1206,,1,"(231,1,('Ground'),11,,107,98,207)"
232,1,11,,('Ground'),214,185,207,3013,,1,"(232,1,('Ground'),11,,214,185,207)"
233,1,13,,('Normal'),198,180,198,2711,,1,"(233,1,('Normal'),13,,198,180,198)"
234,1,13,,('Normal'),192,131,177,2164,,1,"(234,1,('Normal'),13,,192,131,177)"
235,1,13,,('Normal'),40,83,146,431,,1,"(235,1,('Normal'),13,,40,83,146)"
236,1,6,,('Fighting'),64,64,111,492,,1,"(236,1,('Fighting'),6,,64,64,111)"
237,1,6,,('Fighting'),173,207,137,2156,,1,"(237,1,('Fighting'),6,,173,207,137)"
238,1,12,15,"('Ice' , 'Psychic')",153,91,128,1291,,1,"(238,1,('Ice' , 'Psychic'),12,15,153,91,128)"
239,1,4,,('Electric'),135,101,128,1206,,1,"(239,1,('Electric'),4,,135,101,128)"
240,1,7,,('Fire'),151,99,128,1323,,1,"(240,1,('Fire'),7,,151,99,128)"
241,1,13,,('Normal'),157,193,216,2354,,1,"(241,1,('Normal'),13,,157,193,216)"
242,1,13,,('Normal'),129,169,496,2757,,1,"(242,1,('Normal'),13,,129,169,496)"
243,1,4,,('Electric'),241,195,207,3452,,1,"(243,1,('Electric'),4,,241,195,207)"
244,1,7,,('Fire'),235,171,251,3473,,1,"(244,1,('Fire'),7,,235,171,251)"
245,1,18,,('Water'),180,235,225,2983,,1,"(245,1,('Water'),18,,180,235,225)"
246,1,16,11,"('Rock' , 'Ground')",115,93,137,1040,,1,"(246,1,('Rock' , 'Ground'),16,11,115,93,137)"
247,1,16,11,"('Rock' , 'Ground')",155,133,172,1766,,1,"(247,1,('Rock' , 'Ground'),16,11,155,133,172)"
248,1,16,2,"('Rock' , 'Dark')",251,207,225,3834,,1,"(248,1,('Rock' , 'Dark'),16,2,251,207,225)"
249,1,15,8,"('Psychic' , 'Flying')",193,310,235,3703,,1,"(249,1,('Psychic' , 'Flying'),15,8,193,310,235)"
250,1,7,8,"('Fire' , 'Flying')",239,244,214,3863,,1,"(250,1,('Fire' , 'Flying'),7,8,239,244,214)"
251,1,15,10,"('Psychic' , 'Grass')",210,210,225,3265,,1,"(251,1,('Psychic' , 'Grass'),15,10,210,210,225)"
252,1,10,,('Grass'),124,94,120,1053,,1,"(252,1,('Grass'),10,,124,94,120)"
253,1,10,,('Grass'),172,120,137,1673,,1,"(253,1,('Grass'),10,,172,120,137)"
254,1,10,,('Grass'),223,169,172,2757,,1,"(254,1,('Grass'),10,,223,169,172)"
255,1,7,,('Fire'),130,87,128,1093,,1,"(255,1,('Fire'),7,,130,87,128)"
256,1,7,6,"('Fire' , 'Fighting')",163,115,155,1652,,1,"(256,1,('Fire' , 'Fighting'),7,6,163,115,155)"
257,1,7,6,"('Fire' , 'Fighting')",240,141,190,2848,,1,"(257,1,('Fire' , 'Fighting'),7,6,240,141,190)"
258,1,18,,('Water'),126,93,137,1128,,1,"(258,1,('Water'),18,,126,93,137)"
259,1,18,11,"('Water' , 'Ground')",156,133,172,1776,,1,"(259,1,('Water' , 'Ground'),18,11,156,133,172)"
260,1,18,11,"('Water' , 'Ground')",208,175,225,2974,,1,"(260,1,('Water' , 'Ground'),18,11,208,175,225)"
261,1,2,,('Dark'),96,61,111,678,,1,"(261,1,('Dark'),2,,96,61,111)"
262,1,2,,('Dark'),171,132,172,1926,,1,"(262,1,('Dark'),2,,171,132,172)"
263,1,13,,('Normal'),58,80,116,508,,1,"(263,1,('Normal'),13,,58,80,116)"
264,1,13,,('Normal'),142,128,186,1662,,1,"(264,1,('Normal'),13,,142,128,186)"
265,1,1,,('Bug'),75,59,128,578,,1,"(265,1,('Bug'),1,,75,59,128)"
266,1,1,,('Bug'),60,77,137,553,,1,"(266,1,('Bug'),1,,60,77,137)"
267,1,1,8,"('Bug' , 'Flying')",189,98,155,1765,,1,"(267,1,('Bug' , 'Flying'),1,8,189,98,155)"
268,1,1,,('Bug'),60,77,137,553,,1,"(268,1,('Bug'),1,,60,77,137)"
269,1,1,14,"('Bug' , 'Poison')",98,162,155,1224,,1,"(269,1,('Bug' , 'Poison'),1,14,98,162,155)"
270,1,18,10,"('Water' , 'Grass')",71,77,120,598,,1,"(270,1,('Water' , 'Grass'),18,10,71,77,120)"
271,1,18,10,"('Water' , 'Grass')",112,119,155,1197,,1,"(271,1,('Water' , 'Grass'),18,10,112,119,155)"
272,1,18,10,"('Water' , 'Grass')",173,176,190,2323,,1,"(272,1,('Water' , 'Grass'),18,10,173,176,190)"
273,1,10,,('Grass'),71,77,120,598,,1,"(273,1,('Grass'),10,,71,77,120)"
274,1,10,2,"('Grass' , 'Dark')",134,78,172,1227,,1,"(274,1,('Grass' , 'Dark'),10,2,134,78,172)"
275,1,10,2,"('Grass' , 'Dark')",200,121,207,2333,,1,"(275,1,('Grass' , 'Dark'),10,2,200,121,207)"
276,1,13,8,"('Normal' , 'Flying')",106,61,120,765,,1,"(276,1,('Normal' , 'Flying'),13,8,106,61,120)"
277,1,13,8,"('Normal' , 'Flying')",185,124,155,1920,,1,"(277,1,('Normal' , 'Flying'),13,8,185,124,155)"
278,1,18,8,"('Water' , 'Flying')",106,61,120,765,,1,"(278,1,('Water' , 'Flying'),18,8,106,61,120)"
279,1,18,8,"('Water' , 'Flying')",175,174,155,2127,,1,"(279,1,('Water' , 'Flying'),18,8,175,174,155)"
280,1,15,5,"('Psychic' , 'Fairy')",79,59,99,539,,1,"(280,1,('Psychic' , 'Fairy'),15,5,79,59,99)"
281,1,15,5,"('Psychic' , 'Fairy')",117,90,116,966,,1,"(281,1,('Psychic' , 'Fairy'),15,5,117,90,116)"
282,1,15,5,"('Psychic' , 'Fairy')",237,195,169,3093,,1,"(282,1,('Psychic' , 'Fairy'),15,5,237,195,169)"
283,1,1,18,"('Bug' , 'Water')",93,87,120,791,,1,"(283,1,('Bug' , 'Water'),1,18,93,87,120)"
284,1,1,8,"('Bug' , 'Flying')",192,150,172,2270,,1,"(284,1,('Bug' , 'Flying'),1,8,192,150,172)"
285,1,10,,('Grass'),74,110,155,810,,1,"(285,1,('Grass'),10,,74,110,155)"
286,1,10,6,"('Grass' , 'Fighting')",241,144,155,2628,,1,"(286,1,('Grass' , 'Fighting'),10,6,241,144,155)"
287,1,13,,('Normal'),104,92,155,1002,,1,"(287,1,('Normal'),13,,104,92,155)"
288,1,13,,('Normal'),159,145,190,1968,,1,"(288,1,('Normal'),13,,159,145,190)"
289,1,13,,('Normal'),290,166,284,4431,,1,"(289,1,('Normal'),13,,290,166,284)"
290,1,1,11,"('Bug' , 'Ground')",80,126,104,768,,1,"(290,1,('Bug' , 'Ground'),1,11,80,126,104)"
291,1,1,8,"('Bug' , 'Flying')",199,112,156,1969,,1,"(291,1,('Bug' , 'Flying'),1,8,199,112,156)"
292,1,1,9,"('Bug' , 'Ghost')",153,73,1,393,,1,"(292,1,('Bug' , 'Ghost'),1,9,153,73,1)"
293,1,13,,('Normal'),92,42,162,671,,1,"(293,1,('Normal'),13,,92,42,162)"
294,1,13,,('Normal'),134,81,197,1327,,1,"(294,1,('Normal'),13,,134,81,197)"
295,1,13,,('Normal'),179,137,232,2347,,1,"(295,1,('Normal'),13,,179,137,232)"
296,1,6,,('Fighting'),99,54,176,817,,1,"(296,1,('Fighting'),6,,99,54,176)"
297,1,6,,('Fighting'),209,114,302,2829,,1,"(297,1,('Fighting'),6,,209,114,302)"
298,1,13,5,"('Normal' , 'Fairy')",36,71,137,364,,1,"(298,1,('Normal' , 'Fairy'),13,5,36,71,137)"
299,1,16,,('Rock'),82,215,102,993,,1,"(299,1,('Rock'),16,,82,215,102)"
300,1,13,,('Normal'),84,79,137,739,,1,"(300,1,('Normal'),13,,84,79,137)"
301,1,13,,('Normal'),132,127,172,1496,,1,"(301,1,('Normal'),13,,132,127,172)"
302,1,2,9,"('Dark' , 'Ghost')",141,136,137,1476,,1,"(302,1,('Dark' , 'Ghost'),2,9,141,136,137)"
303,1,17,5,"('Steel' , 'Fairy')",155,141,137,1634,,1,"(303,1,('Steel' , 'Fairy'),17,5,155,141,137)"
304,1,17,16,"('Steel' , 'Rock')",121,141,137,1307,,1,"(304,1,('Steel' , 'Rock'),17,16,121,141,137)"
305,1,17,16,"('Steel' , 'Rock')",158,198,155,2056,,1,"(305,1,('Steel' , 'Rock'),17,16,158,198,155)"
306,1,17,16,"('Steel' , 'Rock')",198,257,172,3000,,1,"(306,1,('Steel' , 'Rock'),17,16,198,257,172)"
307,1,6,15,"('Fighting' , 'Psychic')",78,107,102,693,,1,"(307,1,('Fighting' , 'Psychic'),6,15,78,107,102)"
308,1,6,15,"('Fighting' , 'Psychic')",121,152,155,1431,,1,"(308,1,('Fighting' , 'Psychic'),6,15,121,152,155)"
309,1,4,,('Electric'),123,78,120,965,,1,"(309,1,('Electric'),4,,123,78,120)"
310,1,4,,('Electric'),215,127,172,2340,,1,"(310,1,('Electric'),4,,215,127,172)"
311,1,4,,('Electric'),167,129,155,1778,,1,"(311,1,('Electric'),4,,167,129,155)"
312,1,4,,('Electric'),147,150,155,1694,,1,"(312,1,('Electric'),4,,147,150,155)"
313,1,1,,('Bug'),143,166,163,1771,,1,"(313,1,('Bug'),1,,143,166,163)"
314,1,1,,('Bug'),143,166,163,1771,,1,"(314,1,('Bug'),1,,143,166,163)"
315,1,10,14,"('Grass' , 'Poison')",186,131,137,1870,,1,"(315,1,('Grass' , 'Poison'),10,14,186,131,137)"
316,1,14,,('Poison'),80,99,172,866,,1,"(316,1,('Poison'),14,,80,99,172)"
317,1,14,,('Poison'),140,159,225,1978,,1,"(317,1,('Poison'),14,,140,159,225)"
318,1,18,2,"('Water' , 'Dark')",171,39,128,1020,,1,"(318,1,('Water' , 'Dark'),18,2,171,39,128)"
319,1,18,2,"('Water' , 'Dark')",243,83,172,2181,,1,"(319,1,('Water' , 'Dark'),18,2,243,83,172)"
320,1,18,,('Water'),136,68,277,1468,,1,"(320,1,('Water'),18,,136,68,277)"
321,1,18,,('Water'),175,87,347,2280,,1,"(321,1,('Water'),18,,175,87,347)"
322,1,7,11,"('Fire' , 'Ground')",119,79,155,1057,,1,"(322,1,('Fire' , 'Ground'),7,11,119,79,155)"
323,1,7,11,"('Fire' , 'Ground')",194,136,172,2193,,1,"(323,1,('Fire' , 'Ground'),7,11,194,136,172)"
324,1,7,,('Fire'),151,203,172,2093,,1,"(324,1,('Fire'),7,,151,203,172)"
325,1,15,,('Psychic'),125,122,155,1334,,1,"(325,1,('Psychic'),15,,125,122,155)"
326,1,15,,('Psychic'),171,188,190,2369,,1,"(326,1,('Psychic'),15,,171,188,190)"
327,1,13,,('Normal'),116,116,155,1220,,1,"(327,1,('Normal'),13,,116,116,155)"
328,1,11,,('Ground'),162,78,128,1274,,1,"(328,1,('Ground'),11,,162,78,128)"
329,1,11,3,"('Ground' , 'Dragon')",134,99,137,1225,,1,"(329,1,('Ground' , 'Dragon'),11,3,134,99,137)"
330,1,11,3,"('Ground' , 'Dragon')",205,168,190,2661,,1,"(330,1,('Ground' , 'Dragon'),11,3,205,168,190)"
331,1,10,,('Grass'),156,74,137,1242,,1,"(331,1,('Grass'),10,,156,74,137)"
332,1,10,2,"('Grass' , 'Dark')",221,115,172,2298,,1,"(332,1,('Grass' , 'Dark'),10,2,221,115,172)"
333,1,13,8,"('Normal' , 'Flying')",76,132,128,824,,1,"(333,1,('Normal' , 'Flying'),13,8,76,132,128)"
334,1,3,8,"('Dragon' , 'Flying')",141,201,181,2004,,1,"(334,1,('Dragon' , 'Flying'),3,8,141,201,181)"
335,1,13,,('Normal'),222,124,177,2418,,1,"(335,1,('Normal'),13,,222,124,177)"
336,1,14,,('Poison'),196,118,177,2105,,1,"(336,1,('Poison'),14,,196,118,177)"
337,1,16,15,"('Rock' , 'Psychic')",178,153,207,2327,,1,"(337,1,('Rock' , 'Psychic'),16,15,178,153,207)"
338,1,16,15,"('Rock' , 'Psychic')",178,153,207,2327,,1,"(338,1,('Rock' , 'Psychic'),16,15,178,153,207)"
339,1,18,11,"('Water' , 'Ground')",93,82,137,819,,1,"(339,1,('Water' , 'Ground'),18,11,93,82,137)"
340,1,18,11,"('Water' , 'Ground')",151,141,242,2075,,1,"(340,1,('Water' , 'Ground'),18,11,151,141,242)"
341,1,18,,('Water'),141,99,125,1230,,1,"(341,1,('Water'),18,,141,99,125)"
342,1,18,2,"('Water' , 'Dark')",224,142,160,2474,,1,"(342,1,('Water' , 'Dark'),18,2,224,142,160)"
343,1,11,15,"('Ground' , 'Psychic')",77,124,120,787,,1,"(343,1,('Ground' , 'Psychic'),11,15,77,124,120)"
344,1,11,15,"('Ground' , 'Psychic')",140,229,155,1971,,1,"(344,1,('Ground' , 'Psychic'),11,15,140,229,155)"
345,1,16,10,"('Rock' , 'Grass')",105,150,165,1291,,1,"(345,1,('Rock' , 'Grass'),16,10,105,150,165)"
346,1,16,10,"('Rock' , 'Grass')",152,194,200,2211,,1,"(346,1,('Rock' , 'Grass'),16,10,152,194,200)"
347,1,16,1,"('Rock' , 'Bug')",176,100,128,1529,,1,"(347,1,('Rock' , 'Bug'),16,1,176,100,128)"
348,1,16,1,"('Rock' , 'Bug')",222,174,181,2848,,1,"(348,1,('Rock' , 'Bug'),16,1,222,174,181)"
349,1,18,,('Water'),29,85,85,274,,1,"(349,1,('Water'),18,,29,85,85)"
350,1,18,,('Water'),192,219,216,3005,,1,"(350,1,('Water'),18,,192,219,216)"
351,9,7,,('Fire'),139,139,172,1632,,1,"(351,9,('Fire'),7,,139,139,172)"
351,10,18,,('Water'),139,139,172,1632,,1,"(351,10,('Water'),18,,139,139,172)"
351,11,12,,('Snowy'),139,139,172,1632,,1,"(351,11,('Snowy'),12,,139,139,172)"
351,1,13,,('Normal'),139,139,172,1632,,1,"(351,35,('Normal'),13,,139,139,172)"
352,1,13,,('Normal'),161,189,155,2047,,1,"(352,1,('Normal'),13,,161,189,155)"
353,1,9,,('Ghost'),138,65,127,1018,,1,"(353,1,('Ghost'),9,,138,65,127)"
354,1,9,,('Ghost'),218,126,162,2298,,1,"(354,1,('Ghost'),9,,218,126,162)"
355,1,9,,('Ghost'),70,162,85,706,,1,"(355,1,('Ghost'),9,,70,162,85)"
356,1,9,,('Ghost'),124,234,120,1591,,1,"(356,1,('Ghost'),9,,124,234,120)"
357,1,10,8,"('Grass' , 'Flying')",136,163,223,1941,,1,"(357,1,('Grass' , 'Flying'),10,8,136,163,223)"
358,1,15,,('Psychic'),175,170,181,2259,,1,"(358,1,('Psychic'),15,,175,170,181)"
359,1,2,,('Dark'),246,120,163,2526,,1,"(359,1,('Dark'),2,,246,120,163)"
360,1,15,,('Psychic'),41,86,216,534,,1,"(360,1,('Psychic'),15,,41,86,216)"
361,1,12,,('Ice'),95,95,137,888,,1,"(361,1,('Ice'),12,,95,95,137)"
362,1,12,,('Ice'),162,162,190,2105,,1,"(362,1,('Ice'),12,,162,162,190)"
363,1,12,18,"('Ice' , 'Water')",95,90,172,962,,1,"(363,1,('Ice' , 'Water'),12,18,95,90,172)"
364,1,12,18,"('Ice' , 'Water')",137,132,207,1714,,1,"(364,1,('Ice' , 'Water'),12,18,137,132,207)"
365,1,12,18,"('Ice' , 'Water')",182,176,242,2726,,1,"(365,1,('Ice' , 'Water'),12,18,182,176,242)"
366,1,18,,('Water'),133,135,111,1270,,1,"(366,1,('Water'),18,,133,135,111)"
367,1,18,,('Water'),197,179,146,2340,,1,"(367,1,('Water'),18,,197,179,146)"
368,1,18,,('Water'),211,179,146,2494,,1,"(368,1,('Water'),18,,211,179,146)"
369,1,18,16,"('Water' , 'Rock')",162,203,225,2528,,1,"(369,1,('Water' , 'Rock'),18,16,162,203,225)"
370,1,18,,('Water'),81,128,125,848,,1,"(370,1,('Water'),18,,81,128,125)"
371,1,3,,('Dragon'),134,93,128,1156,,1,"(371,1,('Dragon'),3,,134,93,128)"
372,1,3,,('Dragon'),172,155,163,2031,,1,"(372,1,('Dragon'),3,,172,155,163)"
373,1,3,8,"('Dragon' , 'Flying')",277,168,216,3749,,1,"(373,1,('Dragon' , 'Flying'),3,8,277,168,216)"
374,1,17,15,"('Steel' , 'Psychic')",96,132,120,976,,1,"(374,1,('Steel' , 'Psychic'),17,15,96,132,120)"
375,1,17,15,"('Steel' , 'Psychic')",138,176,155,1721,,1,"(375,1,('Steel' , 'Psychic'),17,15,138,176,155)"
376,1,17,15,"('Steel' , 'Psychic')",257,228,190,3791,,1,"(376,1,('Steel' , 'Psychic'),17,15,257,228,190)"
377,1,16,,('Rock'),179,309,190,3122,,1,"(377,1,('Rock'),16,,179,309,190)"
378,1,12,,('Ice'),179,309,190,3122,,1,"(378,1,('Ice'),12,,179,309,190)"
379,1,17,,('Steel'),143,285,190,2447,,1,"(379,1,('Steel'),17,,143,285,190)"
380,1,3,15,"('Dragon' , 'Psychic')",228,246,190,3510,,1,"(380,1,('Dragon' , 'Psychic'),3,15,228,246,190)"
381,1,3,15,"('Dragon' , 'Psychic')",268,212,190,3812,,1,"(381,1,('Dragon' , 'Psychic'),3,15,268,212,190)"
382,1,18,,('Water'),270,228,205,4115,,1,"(382,1,('Water'),18,,270,228,205)"
383,1,11,,('Ground'),270,228,205,4115,,1,"(383,1,('Ground'),11,,270,228,205)"
384,1,3,8,"('Dragon' , 'Flying')",284,170,213,3835,,1,"(384,1,('Dragon' , 'Flying'),3,8,284,170,213)"
385,1,17,15,"('Steel' , 'Psychic')",210,210,225,3265,,1,"(385,1,('Steel' , 'Psychic'),17,15,210,210,225)"
386,1,15,,('Psychic'),345,115,137,3160,,1,"(386,1,('Psychic'),15,,345,115,137)"
387,1,10,,('Grass'),119,110,146,1187,,1,"(387,1,('Grass'),10,,119,110,146)"
388,1,10,,('Grass'),157,143,181,1890,,1,"(388,1,('Grass'),10,,157,143,181)"
389,1,10,11,"('Grass' , 'Ground')",202,188,216,2934,,1,"(389,1,('Grass' , 'Ground'),10,11,202,188,216)"
390,1,7,,('Fire'),113,86,127,957,,1,"(390,1,('Fire'),7,,113,86,127)"
391,1,7,6,"('Fire' , 'Fighting')",158,105,162,1574,,1,"(391,1,('Fire' , 'Fighting'),7,6,158,105,162)"
392,1,7,6,"('Fire' , 'Fighting')",222,151,183,2683,,1,"(392,1,('Fire' , 'Fighting'),7,6,222,151,183)"
393,1,18,,('Water'),112,102,142,1075,,1,"(393,1,('Water'),18,,112,102,142)"
394,1,18,,('Water'),150,139,162,1701,,1,"(394,1,('Water'),18,,150,139,162)"
395,1,18,17,"('Water' , 'Steel')",210,186,197,2900,,1,"(395,1,('Water' , 'Steel'),18,17,210,186,197)"
396,1,13,8,"('Normal' , 'Flying')",101,58,120,719,,1,"(396,1,('Normal' , 'Flying'),13,8,101,58,120)"
397,1,13,8,"('Normal' , 'Flying')",142,94,146,1299,,1,"(397,1,('Normal' , 'Flying'),13,8,142,94,146)"
398,1,13,8,"('Normal' , 'Flying')",234,140,198,2825,,1,"(398,1,('Normal' , 'Flying'),13,8,234,140,198)"
399,1,13,,('Normal'),80,73,153,721,,1,"(399,1,('Normal'),13,,80,73,153)"
400,1,13,18,"('Normal' , 'Water')",162,119,188,1823,,1,"(400,1,('Normal' , 'Water'),13,18,162,119,188)"
401,1,1,,('Bug'),45,74,114,401,,1,"(401,1,('Bug'),1,,45,74,114)"
402,1,1,,('Bug'),160,100,184,1653,,1,"(402,1,('Bug'),1,,160,100,184)"
403,1,4,,('Electric'),117,64,128,876,,1,"(403,1,('Electric'),4,,117,64,128)"
404,1,4,,('Electric'),159,95,155,1486,,1,"(404,1,('Electric'),4,,159,95,155)"
405,1,4,,('Electric'),232,156,190,2888,,1,"(405,1,('Electric'),4,,232,156,190)"
406,1,10,14,"('Grass' , 'Poison')",91,109,120,856,,1,"(406,1,('Grass' , 'Poison'),10,14,91,109,120)"
407,1,10,14,"('Grass' , 'Poison')",243,185,155,2971,,1,"(407,1,('Grass' , 'Poison'),10,14,243,185,155)"
408,1,16,,('Rock'),218,71,167,1820,,1,"(408,1,('Rock'),16,,218,71,167)"
409,1,16,,('Rock'),295,109,219,3298,,1,"(409,1,('Rock'),16,,295,109,219)"
410,1,16,17,"('Rock' , 'Steel')",76,195,102,890,,1,"(410,1,('Rock' , 'Steel'),16,17,76,195,102)"
411,1,16,17,"('Rock' , 'Steel')",94,286,155,1539,,1,"(411,1,('Rock' , 'Steel'),16,17,94,286,155)"
412,5,1,,('Bug'),53,83,120,488,,1,"(412,5,('Bug'),1,,53,83,120)"
412,6,1,,('Bug'),53,83,120,488,,1,"(412,6,('Bug'),1,,53,83,120)"
412,7,1,,('Bug'),53,83,120,488,,1,"(412,7,('Bug'),1,,53,83,120)"
413,5,1,10,"('Bug' , 'Grass')",141,180,155,1773,,1,"(413,5,('Bug' , 'Grass'),1,10,141,180,155)"
413,6,1,11,"('Bug' , 'Ground')",141,180,155,1773,,1,"(413,6,('Bug' , 'Ground'),1,11,141,180,155)"
413,7,1,17,"('Bug' , 'Steel')",127,175,155,1593,,1,"(413,7,('Bug' , 'Steel'),1,17,127,175,155)"
414,1,1,8,"('Bug' , 'Flying')",185,98,172,1815,,1,"(414,1,('Bug' , 'Flying'),1,8,185,98,172)"
415,1,1,8,"('Bug' , 'Flying')",59,83,102,494,,1,"(415,1,('Bug' , 'Flying'),1,8,59,83,102)"
416,1,1,8,"('Bug' , 'Flying')",149,190,172,2005,,1,"(416,1,('Bug' , 'Flying'),1,8,149,190,172)"
417,1,4,,('Electric'),94,172,155,1213,,1,"(417,1,('Electric'),4,,94,172,155)"
418,1,18,,('Water'),132,67,146,1054,,1,"(418,1,('Water'),18,,132,67,146)"
419,1,18,,('Water'),221,114,198,2443,,1,"(419,1,('Water'),18,,221,114,198)"
420,1,10,,('Grass'),108,92,128,950,,1,"(420,1,('Grass'),10,,108,92,128)"
421,8,10,,('Grass'),170,153,172,2048,,1,"(421,8,('Grass'),10,,170,153,172)"
421,9,10,,('Grass'),170,153,172,2048,,1,"(421,9,('Grass'),10,,170,153,172)"
422,12,18,,('Water'),103,105,183,1136,,1,"(422,12,('Water'),18,,103,105,183)"
422,13,18,,('Water'),103,105,183,1136,,1,"(422,13,('Water'),18,,103,105,183)"
423,12,18,11,"('Water' , 'Ground')",169,143,244,2324,,1,"(423,12,('Water' , 'Ground'),18,11,169,143,244)"
423,13,18,11,"('Water' , 'Ground')",169,143,244,2324,,1,"(423,13,('Water' , 'Ground'),18,11,169,143,244)"
424,1,13,,('Normal'),205,143,181,2418,,1,"(424,1,('Normal'),13,,205,143,181)"
425,1,9,8,"('Ghost' , 'Flying')",117,80,207,1197,,1,"(425,1,('Ghost' , 'Flying'),9,8,117,80,207)"
426,1,9,8,"('Ghost' , 'Flying')",180,102,312,2382,,1,"(426,1,('Ghost' , 'Flying'),9,8,180,102,312)"
427,1,13,,('Normal'),130,105,146,1258,,1,"(427,1,('Normal'),13,,130,105,146)"
428,1,13,,('Normal'),156,194,163,2059,,1,"(428,1,('Normal'),13,,156,194,163)"
429,1,9,,('Ghost'),211,187,155,2615,,1,"(429,1,('Ghost'),9,,211,187,155)"
430,1,2,8,"('Dark' , 'Flying')",243,103,225,2711,,1,"(430,1,('Dark' , 'Flying'),2,8,243,103,225)"
431,1,13,,('Normal'),109,82,135,934,,1,"(431,1,('Normal'),13,,109,82,135)"
432,1,13,,('Normal'),172,133,174,1953,,1,"(432,1,('Normal'),13,,172,133,174)"
433,1,15,,('Psychic'),114,94,128,1005,,1,"(433,1,('Psychic'),15,,114,94,128)"
434,1,14,2,"('Poison' , 'Dark')",121,90,160,1151,,1,"(434,1,('Poison' , 'Dark'),14,2,121,90,160)"
435,1,14,2,"('Poison' , 'Dark')",184,132,230,2358,,1,"(435,1,('Poison' , 'Dark'),14,2,184,132,230)"
436,1,17,15,"('Steel' , 'Psychic')",43,154,149,603,,1,"(436,1,('Steel' , 'Psychic'),17,15,43,154,149)"
437,1,17,15,"('Steel' , 'Psychic')",161,213,167,2239,,1,"(437,1,('Steel' , 'Psychic'),17,15,161,213,167)"
438,1,16,,('Rock'),124,133,137,1302,,1,"(438,1,('Rock'),16,,124,133,137)"
439,1,15,5,"('Psychic' , 'Fairy')",125,142,85,1095,,1,"(439,1,('Psychic' , 'Fairy'),15,5,125,142,85)"
440,1,13,,('Normal'),25,77,225,371,,1,"(440,1,('Normal'),13,,25,77,225)"
441,1,13,8,"('Normal' , 'Flying')",183,91,183,1791,,1,"(441,1,('Normal' , 'Flying'),13,8,183,91,183)"
442,1,9,2,"('Ghost' , 'Dark')",169,199,137,2072,,1,"(442,1,('Ghost' , 'Dark'),9,2,169,199,137)"
443,1,3,11,"('Dragon' , 'Ground')",124,84,151,1112,,1,"(443,1,('Dragon' , 'Ground'),3,11,124,84,151)"
444,1,3,11,"('Dragon' , 'Ground')",172,125,169,1874,,1,"(444,1,('Dragon' , 'Ground'),3,11,172,125,169)"
445,1,3,11,"('Dragon' , 'Ground')",261,193,239,3962,,1,"(445,1,('Dragon' , 'Ground'),3,11,261,193,239)"
446,1,13,,('Normal'),137,117,286,1892,,1,"(446,1,('Normal'),13,,137,117,286)"
447,1,6,,('Fighting'),127,78,120,993,,1,"(447,1,('Fighting'),6,,127,78,120)"
448,1,6,17,"('Fighting' , 'Steel')",236,144,172,2703,,1,"(448,1,('Fighting' , 'Steel'),6,17,236,144,172)"
449,1,11,,('Ground'),124,118,169,1358,,1,"(449,1,('Ground'),11,,124,118,169)"
450,1,11,,('Ground'),201,191,239,3085,,1,"(450,1,('Ground'),11,,201,191,239)"
451,1,14,1,"('Poison' , 'Bug')",93,151,120,1009,,1,"(451,1,('Poison' , 'Bug'),14,1,93,151,120)"
452,1,14,2,"('Poison' , 'Dark')",180,202,172,2453,,1,"(452,1,('Poison' , 'Dark'),14,2,180,202,172)"
453,1,14,6,"('Poison' , 'Fighting')",116,76,134,952,,1,"(453,1,('Poison' , 'Fighting'),14,6,116,76,134)"
454,1,14,6,"('Poison' , 'Fighting')",211,133,195,2488,,1,"(454,1,('Poison' , 'Fighting'),14,6,211,133,195)"
455,1,10,,('Grass'),187,136,179,2159,,1,"(455,1,('Grass'),10,,187,136,179)"
456,1,18,,('Water'),96,116,135,971,,1,"(456,1,('Water'),18,,96,116,135)"
457,1,18,,('Water'),142,170,170,1814,,1,"(457,1,('Water'),18,,142,170,170)"
458,1,18,8,"('Water' , 'Flying')",105,179,128,1248,,1,"(458,1,('Water' , 'Flying'),18,8,105,179,128)"
459,1,10,12,"('Grass' , 'Ice')",115,105,155,1159,,1,"(459,1,('Grass' , 'Ice'),10,12,115,105,155)"
460,1,10,12,"('Grass' , 'Ice')",178,158,207,2362,,1,"(460,1,('Grass' , 'Ice'),10,12,178,158,207)"
461,1,2,12,"('Dark' , 'Ice')",243,171,172,3005,,1,"(461,1,('Dark' , 'Ice'),2,12,243,171,172)"
462,1,4,17,"('Electric' , 'Steel')",238,205,172,3205,,1,"(462,1,('Electric' , 'Steel'),4,17,238,205,172)"
463,1,13,,('Normal'),161,181,242,2467,,1,"(463,1,('Normal'),13,,161,181,242)"
464,1,11,16,"('Ground' , 'Rock')",241,190,251,3733,,1,"(464,1,('Ground' , 'Rock'),11,16,241,190,251)"
465,1,10,,('Grass'),207,184,225,3030,,1,"(465,1,('Grass'),10,,207,184,225)"
466,1,4,,('Electric'),249,163,181,3079,,1,"(466,1,('Electric'),4,,249,163,181)"
467,1,7,,('Fire'),247,172,181,3132,,1,"(467,1,('Fire'),7,,247,172,181)"
468,1,5,8,"('Fairy' , 'Flying')",225,217,198,3332,,1,"(468,1,('Fairy' , 'Flying'),5,8,225,217,198)"
469,1,1,8,"('Bug' , 'Flying')",231,156,200,2946,,1,"(469,1,('Bug' , 'Flying'),1,8,231,156,200)"
470,1,10,,('Grass'),216,219,163,2944,,1,"(470,1,('Grass'),10,,216,219,163)"
471,1,12,,('Ice'),238,205,163,3126,,1,"(471,1,('Ice'),12,,238,205,163)"
472,1,11,8,"('Ground' , 'Flying')",185,222,181,2692,,1,"(472,1,('Ground' , 'Flying'),11,8,185,222,181)"
473,1,12,11,"('Ice' , 'Ground')",247,146,242,3328,,1,"(473,1,('Ice' , 'Ground'),12,11,247,146,242)"
474,1,13,,('Normal'),264,150,198,3266,,1,"(474,1,('Normal'),13,,264,150,198)"
475,1,15,6,"('Psychic' , 'Fighting')",237,195,169,3093,,1,"(475,1,('Psychic' , 'Fighting'),15,6,237,195,169)"
476,1,16,17,"('Rock' , 'Steel')",135,275,155,2080,,1,"(476,1,('Rock' , 'Steel'),16,17,135,275,155)"
477,1,9,,('Ghost'),180,254,128,2388,,1,"(477,1,('Ghost'),9,,180,254,128)"
478,1,12,9,"('Ice' , 'Ghost')",171,150,172,2040,,1,"(478,1,('Ice' , 'Ghost'),12,9,171,150,172)"
479,1,4,9,"('Electric' , 'Ghost')",185,159,137,2031,,1,"(479,1,('Electric' , 'Ghost'),4,9,185,159,137)"
479,14,4,8,"('Electric' , 'Flying')",204,219,137,2579,,1,"(479,14,('Electric' , 'Flying'),4,8,204,219,137)"
479,15,4,12,"('Electric' , 'Ice')",204,219,137,2579,,1,"(479,15,('Electric' , 'Ice'),4,12,204,219,137)"
479,16,4,7,"('Electric' , 'Fire')",204,219,137,2579,,1,"(479,16,('Electric' , 'Fire'),4,7,204,219,137)"
479,17,4,10,"('Electric' , 'Grass')",204,219,137,2579,,1,"(479,17,('Electric' , 'Grass'),4,10,204,219,137)"
479,18,4,18,"('Electric' , 'Water')",204,219,137,2579,,1,"(479,18,('Electric' , 'Water'),4,18,204,219,137)"
480,1,15,,('Psychic'),156,270,181,2524,,1,"(480,1,('Psychic'),15,,156,270,181)"
481,1,15,,('Psychic'),212,212,190,3058,,1,"(481,1,('Psychic'),15,,212,212,190)"
482,1,15,,('Psychic'),270,151,181,3210,,1,"(482,1,('Psychic'),15,,270,151,181)"
483,1,17,3,"('Steel' , 'Dragon')",275,211,205,4038,,1,"(483,1,('Steel' , 'Dragon'),17,3,275,211,205)"
484,1,18,3,"('Water' , 'Dragon')",280,215,189,3991,,1,"(484,1,('Water' , 'Dragon'),18,3,280,215,189)"
485,1,7,17,"('Fire' , 'Steel')",251,213,209,3754,,1,"(485,1,('Fire' , 'Steel'),7,17,251,213,209)"
486,1,13,,('Normal'),287,210,221,4346,,1,"(486,1,('Normal'),13,,287,210,221)"
487,19,9,3,"('Ghost' , 'Dragon')",187,225,284,3379,,1,"(487,19,('Ghost' , 'Dragon'),9,3,187,225,284)"
487,20,9,3,"('Ghost' , 'Dragon')",225,187,284,3683,,1,"(487,20,('Ghost' , 'Dragon'),9,3,225,187,284)"
488,1,15,,('Psychic'),152,258,260,2857,,1,"(488,1,('Psychic'),15,,152,258,260)"
489,1,18,,('Water'),162,162,190,2105,,1,"(489,1,('Water'),18,,162,162,190)"
490,1,18,,('Water'),210,210,225,3265,,1,"(490,1,('Water'),18,,210,210,225)"
491,1,2,,('Dark'),285,198,172,3739,,1,"(491,1,('Dark'),2,,285,198,172)"
492,21,10,,('Grass'),210,210,225,3265,,1,"(492,21,('Grass'),10,,210,210,225)"
492,22,10,8,"('Grass' , 'Flying')",261,166,225,3592,,1,"(492,22,('Grass' , 'Flying'),10,8,261,166,225)"
493,23,1,,('Bug'),238,238,237,3989,,1,"(493,23,('Bug'),1,,238,238,237)"
493,24,2,,('Dark'),238,238,237,3989,,1,"(493,24,('Dark'),2,,238,238,237)"
493,25,3,,('Dragon'),238,238,237,3989,,1,"(493,25,('Dragon'),3,,238,238,237)"
493,26,4,,('Electric'),238,238,237,3989,,1,"(493,26,('Electric'),4,,238,238,237)"
493,27,5,,('Fairy'),238,238,237,3989,,1,"(493,27,('Fairy'),5,,238,238,237)"
493,28,6,,('Fighting'),238,238,237,3989,,1,"(493,28,('Fighting'),6,,238,238,237)"
493,29,7,,('Fire'),238,238,237,3989,,1,"(493,29,('Fire'),7,,238,238,237)"
493,30,8,,('Flying'),238,238,237,3989,,1,"(493,30,('Flying'),8,,238,238,237)"
493,31,9,,('Ghost'),238,238,237,3989,,1,"(493,31,('Ghost'),9,,238,238,237)"
493,32,10,,('Grass'),238,238,237,3989,,1,"(493,32,('Grass'),10,,238,238,237)"
493,33,11,,('Ground'),238,238,237,3989,,1,"(493,33,('Ground'),11,,238,238,237)"
493,34,12,,('Ice'),238,238,237,3989,,1,"(493,34,('Ice'),12,,238,238,237)"
493,1,13,,('Normal'),238,238,237,3989,,1,"(493,35,('Normal'),13,,238,238,237)"
493,36,14,,('Poison'),238,238,237,3989,,1,"(493,36,('Poison'),14,,238,238,237)"
493,37,15,,('Psychic'),238,238,237,3989,,1,"(493,37,('Psychic'),15,,238,238,237)"
493,38,16,,('Rock'),238,238,237,3989,,1,"(493,38,('Rock'),16,,238,238,237)"
493,39,17,,('Steel'),238,238,237,3989,,1,"(493,39,('Steel'),17,,238,238,237)"
493,40,18,,('Water'),238,238,237,3989,,1,"(493,40,('Water'),18,,238,238,237)"
494,1,15,7,"('Psychic' , 'Fire')",210,210,225,3265,,1,"(494,1,('Psychic' , 'Fire'),15,7,210,210,225)"
495,1,10,,('Grass'),88,107,128,849,,1,"(495,1,('Grass'),10,,88,107,128)"
496,1,10,,('Grass'),122,152,155,1441,,1,"(496,1,('Grass'),10,,122,152,155)"
497,1,10,,('Grass'),161,204,181,2277,,1,"(497,1,('Grass'),10,,161,204,181)"
498,1,7,,('Fire'),115,85,163,1083,,1,"(498,1,('Fire'),7,,115,85,163)"
499,1,7,6,"('Fire' , 'Fighting')",173,106,207,1924,,1,"(499,1,('Fire' , 'Fighting'),7,6,173,106,207)"
500,1,7,6,"('Fire' , 'Fighting')",235,127,242,2982,,1,"(500,1,('Fire' , 'Fighting'),7,6,235,127,242)"
501,1,18,,('Water'),117,85,146,1046,,1,"(501,1,('Water'),18,,117,85,146)"
502,1,18,,('Water'),159,116,181,1741,,1,"(502,1,('Water'),18,,159,116,181)"
503,1,18,,('Water'),212,157,216,2826,,1,"(503,1,('Water'),18,,212,157,216)"
504,1,13,,('Normal'),98,73,128,791,,1,"(504,1,('Normal'),13,,98,73,128)"
505,1,13,,('Normal'),165,139,155,1819,,1,"(505,1,('Normal'),13,,165,139,155)"
506,1,13,,('Normal'),107,86,128,915,,1,"(506,1,('Normal'),13,,107,86,128)"
507,1,13,,('Normal'),145,126,163,1583,,1,"(507,1,('Normal'),13,,145,126,163)"
508,1,13,,('Normal'),206,182,198,2827,,1,"(508,1,('Normal'),13,,206,182,198)"
509,1,2,,('Dark'),98,73,121,772,,1,"(509,1,('Dark'),2,,98,73,121)"
510,1,2,,('Dark'),187,106,162,1846,,1,"(510,1,('Dark'),2,,187,106,162)"
511,1,10,,('Grass'),104,94,137,956,,1,"(511,1,('Grass'),10,,104,94,137)"
512,1,10,,('Grass'),206,133,181,2350,,1,"(512,1,('Grass'),10,,206,133,181)"
513,1,7,,('Fire'),104,94,137,956,,1,"(513,1,('Fire'),7,,104,94,137)"
514,1,7,,('Fire'),206,133,181,2350,,1,"(514,1,('Fire'),7,,206,133,181)"
515,1,18,,('Water'),104,94,137,956,,1,"(515,1,('Water'),18,,104,94,137)"
516,1,18,,('Water'),206,133,181,2350,,1,"(516,1,('Water'),18,,206,133,181)"
517,1,15,,('Psychic'),111,92,183,1145,,1,"(517,1,('Psychic'),15,,111,92,183)"
518,1,15,,('Psychic'),183,166,253,2723,,1,"(518,1,('Psychic'),15,,183,166,253)"
519,1,13,8,"('Normal' , 'Flying')",98,80,137,848,,1,"(519,1,('Normal' , 'Flying'),13,8,98,80,137)"
520,1,13,8,"('Normal' , 'Flying')",144,107,158,1442,,1,"(520,1,('Normal' , 'Flying'),13,8,144,107,158)"
521,1,13,8,"('Normal' , 'Flying')",226,146,190,2734,,1,"(521,1,('Normal' , 'Flying'),13,8,226,146,190)"
522,1,4,,('Electric'),118,64,128,882,,1,"(522,1,('Electric'),4,,118,64,128)"
523,1,4,,('Electric'),211,136,181,2428,,1,"(523,1,('Electric'),4,,211,136,181)"
524,1,16,,('Rock'),121,110,146,1205,,1,"(524,1,('Rock'),16,,121,110,146)"
525,1,16,,('Rock'),174,143,172,2029,,1,"(525,1,('Rock'),16,,174,143,172)"
526,1,16,,('Rock'),226,201,198,3228,,1,"(526,1,('Rock'),16,,226,201,198)"
527,1,15,8,"('Psychic' , 'Flying')",107,85,163,1016,,1,"(527,1,('Psychic' , 'Flying'),15,8,107,85,163)"
528,1,15,8,"('Psychic' , 'Flying')",161,119,167,1716,,1,"(528,1,('Psychic' , 'Flying'),15,8,161,119,167)"
529,1,11,,('Ground'),154,85,155,1376,,1,"(529,1,('Ground'),11,,154,85,155)"
530,1,11,17,"('Ground' , 'Steel')",255,129,242,3244,,1,"(530,1,('Ground' , 'Steel'),11,17,255,129,242)"
531,1,13,,('Normal'),114,163,230,1682,,1,"(531,1,('Normal'),13,,114,163,230)"
532,1,6,,('Fighting'),134,87,181,1315,,1,"(532,1,('Fighting'),6,,134,87,181)"
533,1,6,,('Fighting'),180,134,198,2169,,1,"(533,1,('Fighting'),6,,180,134,198)"
534,1,6,,('Fighting'),243,158,233,3337,,1,"(534,1,('Fighting'),6,,243,158,233)"
535,1,18,,('Water'),98,78,137,839,,1,"(535,1,('Water'),18,,98,78,137)"
536,1,18,11,"('Water' , 'Ground')",128,109,181,1392,,1,"(536,1,('Water' , 'Ground'),18,11,128,109,181)"
537,1,18,11,"('Water' , 'Ground')",188,150,233,2564,,1,"(537,1,('Water' , 'Ground'),18,11,188,150,233)"
538,1,6,,('Fighting'),172,160,260,2562,,1,"(538,1,('Fighting'),6,,172,160,260)"
539,1,6,,('Fighting'),231,153,181,2788,,1,"(539,1,('Fighting'),6,,231,153,181)"
540,1,1,10,"('Bug' , 'Grass')",96,124,128,977,,1,"(540,1,('Bug' , 'Grass'),1,10,96,124,128)"
541,1,1,10,"('Bug' , 'Grass')",115,162,146,1370,,1,"(541,1,('Bug' , 'Grass'),1,10,115,162,146)"
542,1,1,10,"('Bug' , 'Grass')",205,165,181,2580,,1,"(542,1,('Bug' , 'Grass'),1,10,205,165,181)"
543,1,1,14,"('Bug' , 'Poison')",83,99,102,706,,1,"(543,1,('Bug' , 'Poison'),1,14,83,99,102)"
544,1,1,14,"('Bug' , 'Poison')",100,173,120,1144,,1,"(544,1,('Bug' , 'Poison'),1,14,100,173,120)"
545,1,1,14,"('Bug' , 'Poison')",203,175,155,2447,,1,"(545,1,('Bug' , 'Poison'),1,14,203,175,155)"
546,1,10,5,"('Grass' , 'Fairy')",71,111,120,700,,1,"(546,1,('Grass' , 'Fairy'),10,5,71,111,120)"
547,1,10,5,"('Grass' , 'Fairy')",164,176,155,2014,,1,"(547,1,('Grass' , 'Fairy'),10,5,164,176,155)"
548,1,10,,('Grass'),119,91,128,1030,,1,"(548,1,('Grass'),10,,119,91,128)"
549,1,10,,('Grass'),214,155,172,2550,,1,"(549,1,('Grass'),10,,214,155,172)"
550,1,18,,('Water'),189,129,172,2090,,1,"(550,1,('Water'),18,,189,129,172)"
551,1,11,2,"('Ground' , 'Dark')",132,69,137,1037,,1,"(551,1,('Ground' , 'Dark'),11,2,132,69,137)"
552,1,11,2,"('Ground' , 'Dark')",155,90,155,1418,,1,"(552,1,('Ground' , 'Dark'),11,2,155,90,155)"
553,1,11,2,"('Ground' , 'Dark')",229,158,216,3046,,1,"(553,1,('Ground' , 'Dark'),11,2,229,158,216)"
554,1,7,,('Fire'),153,86,172,1442,,1,"(554,1,('Fire'),7,,153,86,172)"
555,1,7,,('Fire'),263,114,233,3105,,1,"(555,1,('Fire'),7,,263,114,233)"
555,41,7,15,"('Fire' , 'Psychic')",243,202,233,3738,,1,"(555,41,('Fire' , 'Psychic'),7,15,243,202,233)"
556,1,10,,('Grass'),201,130,181,2274,,1,"(556,1,('Grass'),10,,201,130,181)"
557,1,1,16,"('Bug' , 'Rock')",118,128,137,1224,,1,"(557,1,('Bug' , 'Rock'),1,16,118,128,137)"
558,1,1,16,"('Bug' , 'Rock')",188,200,172,2542,,1,"(558,1,('Bug' , 'Rock'),1,16,188,200,172)"
559,1,2,6,"('Dark' , 'Fighting')",132,132,137,1372,,1,"(559,1,('Dark' , 'Fighting'),2,6,132,132,137)"
560,1,2,6,"('Dark' , 'Fighting')",163,222,163,2283,,1,"(560,1,('Dark' , 'Fighting'),2,6,163,222,163)"
561,1,15,8,"('Psychic' , 'Flying')",204,167,176,2550,,1,"(561,1,('Psychic' , 'Flying'),15,8,204,167,176)"
562,1,9,,('Ghost'),95,141,116,982,,1,"(562,1,('Ghost'),9,,95,141,116)"
563,1,9,,('Ghost'),163,237,151,2273,,1,"(563,1,('Ghost'),9,,163,237,151)"
564,1,18,16,"('Water' , 'Rock')",134,146,144,1488,,1,"(564,1,('Water' , 'Rock'),18,16,134,146,144)"
565,1,18,16,"('Water' , 'Rock')",192,197,179,2621,,1,"(565,1,('Water' , 'Rock'),18,16,192,197,179)"
566,1,16,8,"('Rock' , 'Flying')",213,89,146,1842,,1,"(566,1,('Rock' , 'Flying'),16,8,213,89,146)"
567,1,16,8,"('Rock' , 'Flying')",292,139,181,3331,,1,"(567,1,('Rock' , 'Flying'),16,8,292,139,181)"
568,1,14,,('Poison'),96,122,137,1000,,1,"(568,1,('Poison'),14,,96,122,137)"
569,1,14,,('Poison'),181,164,190,2345,,1,"(569,1,('Poison'),14,,181,164,190)"
570,1,2,,('Dark'),153,78,120,1175,,1,"(570,1,('Dark'),2,,153,78,120)"
571,1,2,,('Dark'),250,127,155,2571,,1,"(571,1,('Dark'),2,,250,127,155)"
572,1,13,,('Normal'),98,80,146,872,,1,"(572,1,('Normal'),13,,98,80,146)"
573,1,13,,('Normal'),198,130,181,2242,,1,"(573,1,('Normal'),13,,198,130,181)"
574,1,15,,('Psychic'),98,112,128,951,,1,"(574,1,('Psychic'),15,,98,112,128)"
575,1,15,,('Psychic'),137,153,155,1604,,1,"(575,1,('Psychic'),15,,137,153,155)"
576,1,15,,('Psychic'),176,205,172,2419,,1,"(576,1,('Psychic'),15,,176,205,172)"
577,1,15,,('Psychic'),170,83,128,1367,,1,"(577,1,('Psychic'),15,,170,83,128)"
578,1,15,,('Psychic'),208,103,163,2018,,1,"(578,1,('Psychic'),15,,208,103,163)"
579,1,15,,('Psychic'),214,148,242,2927,,1,"(579,1,('Psychic'),15,,214,148,242)"
580,1,18,8,"('Water' , 'Flying')",84,96,158,856,,1,"(580,1,('Water' , 'Flying'),18,8,84,96,158)"
581,1,18,8,"('Water' , 'Flying')",182,132,181,2088,,1,"(581,1,('Water' , 'Flying'),18,8,182,132,181)"
582,1,12,,('Ice'),118,106,113,1033,,1,"(582,1,('Ice'),12,,118,106,113)"
583,1,12,,('Ice'),151,138,139,1591,,1,"(583,1,('Ice'),12,,151,138,139)"
584,1,12,,('Ice'),218,184,174,2822,,1,"(584,1,('Ice'),12,,218,184,174)"
585,1,13,10,"('Normal' , 'Grass')",115,100,155,1135,,1,"(585,1,('Normal' , 'Grass'),13,10,115,100,155)"
585,42,13,10,"('Normal' , 'Grass')",115,100,155,1135,,1,"(585,42,('Normal' , 'Grass'),13,10,115,100,155)"
585,43,13,10,"('Normal' , 'Grass')",115,100,155,1135,,1,"(585,43,('Normal' , 'Grass'),13,10,115,100,155)"
585,44,13,10,"('Normal' , 'Grass')",115,100,155,1135,,1,"(585,44,('Normal' , 'Grass'),13,10,115,100,155)"
585,45,13,10,"('Normal' , 'Grass')",115,100,155,1135,,1,"(585,45,('Normal' , 'Grass'),13,10,115,100,155)"
586,1,13,10,"('Normal' , 'Grass')",198,146,190,2416,,1,"(586,1,('Normal' , 'Grass'),13,10,198,146,190)"
586,42,13,10,"('Normal' , 'Grass')",198,146,190,2416,,1,"(586,42,('Normal' , 'Grass'),13,10,198,146,190)"
586,43,13,10,"('Normal' , 'Grass')",198,146,190,2416,,1,"(586,43,('Normal' , 'Grass'),13,10,198,146,190)"
586,44,13,10,"('Normal' , 'Grass')",198,146,190,2416,,1,"(586,44,('Normal' , 'Grass'),13,10,198,146,190)"
586,45,13,10,"('Normal' , 'Grass')",198,146,190,2416,,1,"(586,45,('Normal' , 'Grass'),13,10,198,146,190)"
587,1,4,8,"('Electric' , 'Flying')",158,127,146,1633,,1,"(587,1,('Electric' , 'Flying'),4,8,158,127,146)"
588,1,1,,('Bug'),137,87,137,1182,,1,"(588,1,('Bug'),1,,137,87,137)"
589,1,1,17,"('Bug' , 'Steel')",223,187,172,2889,,1,"(589,1,('Bug' , 'Steel'),1,17,223,187,172)"
590,1,10,14,"('Grass' , 'Poison')",97,91,170,979,,1,"(590,1,('Grass' , 'Poison'),10,14,97,91,170)"
591,1,10,14,"('Grass' , 'Poison')",155,139,249,2140,,1,"(591,1,('Grass' , 'Poison'),10,14,155,139,249)"
592,1,18,9,"('Water' , 'Ghost')",115,134,146,1257,,1,"(592,1,('Water' , 'Ghost'),18,9,115,134,146)"
593,1,18,9,"('Water' , 'Ghost')",159,178,225,2338,,1,"(593,1,('Water' , 'Ghost'),18,9,159,178,225)"
594,1,18,,('Water'),138,131,338,2169,,1,"(594,1,('Water'),18,,138,131,338)"
595,1,1,4,"('Bug' , 'Electric')",110,98,137,1023,,1,"(595,1,('Bug' , 'Electric'),1,4,110,98,137)"
596,1,1,4,"('Bug' , 'Electric')",201,128,172,2206,,1,"(596,1,('Bug' , 'Electric'),1,4,201,128,172)"
597,1,10,17,"('Grass' , 'Steel')",82,155,127,941,,1,"(597,1,('Grass' , 'Steel'),10,17,82,155,127)"
598,1,10,17,"('Grass' , 'Steel')",158,223,179,2321,,1,"(598,1,('Grass' , 'Steel'),10,17,158,223,179)"
599,1,17,,('Steel'),98,121,120,956,,1,"(599,1,('Steel'),17,,98,121,120)"
600,1,17,,('Steel'),150,174,155,1847,,1,"(600,1,('Steel'),17,,150,174,155)"
601,1,17,,('Steel'),199,214,155,2637,,1,"(601,1,('Steel'),17,,199,214,155)"
602,1,4,,('Electric'),105,78,111,811,,1,"(602,1,('Electric'),4,,105,78,111)"
603,1,4,,('Electric'),156,130,163,1715,,1,"(603,1,('Electric'),4,,156,130,163)"
604,1,4,,('Electric'),217,152,198,2732,,1,"(604,1,('Electric'),4,,217,152,198)"
605,1,15,,('Psychic'),148,100,146,1385,,1,"(605,1,('Psychic'),15,,148,100,146)"
606,1,15,,('Psychic'),221,163,181,2753,,1,"(606,1,('Psychic'),15,,221,163,181)"
607,1,9,7,"('Ghost' , 'Fire')",108,98,137,1006,,1,"(607,1,('Ghost' , 'Fire'),9,7,108,98,137)"
608,1,9,7,"('Ghost' , 'Fire')",169,115,155,1708,,1,"(608,1,('Ghost' , 'Fire'),9,7,169,115,155)"
609,1,9,7,"('Ghost' , 'Fire')",271,182,155,3268,,1,"(609,1,('Ghost' , 'Fire'),9,7,271,182,155)"
610,1,3,,('Dragon'),154,101,130,1368,,1,"(610,1,('Dragon'),3,,154,101,130)"
611,1,3,,('Dragon'),212,123,165,2234,,1,"(611,1,('Dragon'),3,,212,123,165)"
612,1,3,,('Dragon'),284,172,183,3593,,1,"(612,1,('Dragon'),3,,284,172,183)"
613,1,12,,('Ice'),128,74,146,1069,,1,"(613,1,('Ice'),12,,128,74,146)"
614,1,12,,('Ice'),233,152,216,3042,,1,"(614,1,('Ice'),12,,233,152,216)"
615,1,12,,('Ice'),190,218,190,2798,,1,"(615,1,('Ice'),12,,190,218,190)"
616,1,1,,('Bug'),72,140,137,834,,1,"(616,1,('Bug'),1,,72,140,137)"
617,1,1,,('Bug'),220,120,190,2441,,1,"(617,1,('Bug'),1,,220,120,190)"
618,1,11,4,"('Ground' , 'Electric')",144,171,240,2162,,1,"(618,1,('Ground' , 'Electric'),11,4,144,171,240)"
619,1,6,,('Fighting'),160,98,128,1389,,1,"(619,1,('Fighting'),6,,160,98,128)"
620,1,6,,('Fighting'),258,127,163,2710,,1,"(620,1,('Fighting'),6,,258,127,163)"
621,1,3,,('Dragon'),213,170,184,2732,,1,"(621,1,('Dragon'),3,,213,170,184)"
622,1,11,9,"('Ground' , 'Ghost')",127,92,153,1189,,1,"(622,1,('Ground' , 'Ghost'),11,9,127,92,153)"
623,1,11,9,"('Ground' , 'Ghost')",222,154,205,2854,,1,"(623,1,('Ground' , 'Ghost'),11,9,222,154,205)"
624,1,2,17,"('Dark' , 'Steel')",154,114,128,1433,,1,"(624,1,('Dark' , 'Steel'),2,17,154,114,128)"
625,1,2,17,"('Dark' , 'Steel')",232,176,163,2844,,1,"(625,1,('Dark' , 'Steel'),2,17,232,176,163)"
626,1,13,,('Normal'),195,182,216,2797,,1,"(626,1,('Normal'),13,,195,182,216)"
627,1,13,8,"('Normal' , 'Flying')",150,97,172,1491,,1,"(627,1,('Normal' , 'Flying'),13,8,150,97,172)"
628,1,13,8,"('Normal' , 'Flying')",232,152,225,3088,,1,"(628,1,('Normal' , 'Flying'),13,8,232,152,225)"
629,1,2,8,"('Dark' , 'Flying')",105,139,172,1271,,1,"(629,1,('Dark' , 'Flying'),2,8,105,139,172)"
630,1,2,8,"('Dark' , 'Flying')",129,205,242,2138,,1,"(630,1,('Dark' , 'Flying'),2,8,129,205,242)"
631,1,7,,('Fire'),204,129,198,2395,,1,"(631,1,('Fire'),7,,204,129,198)"
632,1,1,17,"('Bug' , 'Steel')",217,188,151,2659,,1,"(632,1,('Bug' , 'Steel'),1,17,217,188,151)"
633,1,2,3,"('Dark' , 'Dragon')",116,93,141,1062,,1,"(633,1,('Dark' , 'Dragon'),2,3,116,93,141)"
634,1,2,3,"('Dark' , 'Dragon')",159,135,176,1839,,1,"(634,1,('Dark' , 'Dragon'),2,3,159,135,176)"
635,1,2,3,"('Dark' , 'Dragon')",256,188,211,3625,,1,"(635,1,('Dark' , 'Dragon'),2,3,256,188,211)"
636,1,1,7,"('Bug' , 'Fire')",156,107,146,1496,,1,"(636,1,('Bug' , 'Fire'),1,7,156,107,146)"
637,1,1,7,"('Bug' , 'Fire')",264,189,198,3632,,1,"(637,1,('Bug' , 'Fire'),1,7,264,189,198)"
638,1,17,6,"('Steel' , 'Fighting')",192,229,209,3022,,1,"(638,1,('Steel' , 'Fighting'),17,6,192,229,209)"
639,1,16,6,"('Rock' , 'Fighting')",260,192,209,3698,,1,"(639,1,('Rock' , 'Fighting'),16,6,260,192,209)"
640,1,10,6,"('Grass' , 'Fighting')",192,229,209,3022,,1,"(640,1,('Grass' , 'Fighting'),10,6,192,229,209)"
641,1,8,,('Flying'),266,164,188,3345,,1,"(641,1,('Flying'),8,,266,164,188)"
641,46,8,,('Flying'),238,189,188,3215,,1,"(641,46,('Flying'),8,,238,189,188)"
642,1,4,8,"('Electric' , 'Flying')",266,164,188,3345,,1,"(642,1,('Electric' , 'Flying'),4,8,266,164,188)"
642,46,4,8,"('Electric' , 'Flying')",295,161,188,3659,,1,"(642,46,('Electric' , 'Flying'),4,8,295,161,188)"
643,1,3,7,"('Dragon' , 'Fire')",275,211,205,4038,,1,"(643,1,('Dragon' , 'Fire'),3,7,275,211,205)"
644,1,3,4,"('Dragon' , 'Electric')",275,211,205,4038,,1,"(644,1,('Dragon' , 'Electric'),3,4,275,211,205)"
645,1,11,8,"('Ground' , 'Flying')",261,182,205,3588,,1,"(645,1,('Ground' , 'Flying'),11,8,261,182,205)"
645,46,11,8,"('Ground' , 'Flying')",289,179,205,3922,,1,"(645,46,('Ground' , 'Flying'),11,8,289,179,205)"
646,1,3,12,"('Dragon' , 'Ice')",246,170,245,3575,,1,"(646,1,('Dragon' , 'Ice'),3,12,246,170,245)"
646,47,3,12,"('Dragon' , 'Ice')",310,183,245,4605,,1,"(646,47,('Dragon' , 'Ice'),3,12,310,183,245)"
646,48,3,12,"('Dragon' , 'Ice')",310,183,245,4605,,1,"(646,48,('Dragon' , 'Ice'),3,12,310,183,245)"
647,49,18,6,"('Water' , 'Fighting')",260,192,209,3698,,1,"(647,49,('Water' , 'Fighting'),18,6,260,192,209)"
647,50,18,6,"('Water' , 'Fighting')",260,192,209,3698,,1,"(647,50,('Water' , 'Fighting'),18,6,260,192,209)"
648,51,13,15,"('Normal' , 'Psychic')",250,225,225,3972,,1,"(648,51,('Normal' , 'Psychic'),13,15,250,225,225)"
648,52,13,6,"('Normal' , 'Fighting')",269,188,225,3915,,1,"(648,52,('Normal' , 'Fighting'),13,6,269,188,225)"
808,1,17,,('Steel'),118,99,130,1068,,1,"(808,1,('Steel'),17,,118,99,130)"
809,1,17,,('Steel'),226,190,264,3599,,1,"(809,1,('Steel'),17,,226,190,264)"
649,1,1,17,"('Bug' , 'Steel')",252,199,174,3353,,0,
649,53,1,17,"('Bug' , 'Steel')",252,199,174,3353,,0,
649,54,1,17,"('Bug' , 'Steel')",252,199,174,3353,,0,
649,55,1,17,"('Bug' , 'Steel')",252,199,174,3353,,0,
649,56,1,17,"('Bug' , 'Steel')",252,199,174,3353,,0,
650,1,10,,('Grass'),110,106,148,1096,,0,
651,1,10,,('Grass'),146,156,156,1719,,0,
652,1,10,6,"('Grass' , 'Fighting')",201,204,204,2954,,0,
653,1,7,,('Fire'),116,102,120,1028,,0,
654,1,7,,('Fire'),171,130,153,1813,,0,
655,1,7,15,"('Fire' , 'Psychic')",230,189,181,3059,,0,
656,1,18,,('Water'),122,84,121,992,,0,
657,1,18,,('Water'),168,114,144,1636,,0,
658,1,18,2,"('Water' , 'Dark')",223,152,176,2654,,0,
659,1,13,,('Normal'),68,72,116,553,,0,
660,1,13,11,"('Normal' , 'Ground')",112,155,198,1509,,0,
661,1,13,8,"('Normal' , 'Flying')",95,80,128,800,,0,
662,1,7,8,"('Fire' , 'Flying')",145,110,158,1469,,0,
663,1,7,8,"('Fire' , 'Flying')",176,155,186,2205,,0,
664,1,1,,('Bug'),63,63,116,492,,0,
665,1,1,,('Bug'),48,89,128,479,,0,
666,1,1,8,"('Bug' , 'Flying')",176,103,190,1855,,0,
667,1,7,13,"('Fire' , 'Normal')",139,112,158,1425,,0,
668,1,7,13,"('Fire' , 'Normal')",221,149,200,2767,,0,
669,1,5,,('Fairy'),108,120,127,1063,,0,
670,1,5,,('Fairy'),136,151,144,1532,,0,
671,1,5,,('Fairy'),212,244,186,3234,,0,
672,1,10,,('Grass'),123,102,165,1250,,0,
673,1,10,,('Grass'),196,146,265,2798,,0,
674,1,6,,('Fighting'),145,107,167,1489,,0,
675,1,6,2,"('Fighting' , 'Dark')",226,146,216,2902,,0,
676,1,13,,('Normal'),164,167,181,2111,,0,
677,1,15,,('Psychic'),120,114,158,1259,,0,
678,1,15,,('Psychic'),166,167,179,2124,,0,
679,1,17,9,"('Steel' , 'Ghost')",135,139,128,1390,,0,
680,1,17,9,"('Steel' , 'Ghost')",188,206,153,2443,,0,
681,1,17,9,"('Steel' , 'Ghost')",97,291,155,1595,,0,
682,1,5,,('Fairy'),110,113,186,1252,,0,
683,1,5,,('Fairy'),173,150,226,2341,,0,
684,1,5,,('Fairy'),109,119,158,1179,,0,
685,1,5,,('Fairy'),168,163,193,2199,,0,
686,1,2,15,"('Dark' , 'Psychic')",98,95,142,927,,0,
687,1,2,15,"('Dark' , 'Psychic')",177,165,200,2359,,0,
688,1,16,18,"('Rock' , 'Water')",96,120,123,946,,0,
689,1,16,18,"('Rock' , 'Water')",194,205,176,2675,,0,
690,1,14,18,"('Poison' , 'Water')",109,109,137,1063,,0,
691,1,14,3,"('Poison' , 'Dragon')",177,207,163,2383,,0,
692,1,18,,('Water'),108,117,137,1088,,0,
693,1,18,,('Water'),221,171,174,2763,,0,
694,1,4,13,"('Electric' , 'Normal')",115,78,127,933,,0,
695,1,4,13,"('Electric' , 'Normal')",219,168,158,2600,,0,
696,1,16,3,"('Rock' , 'Dragon')",158,123,151,1635,,0,
697,1,16,3,"('Rock' , 'Dragon')",227,191,193,3128,,0,
698,1,16,12,"('Rock' , 'Ice')",124,109,184,1363,,0,
699,1,16,12,"('Rock' , 'Ice')",186,163,265,2802,,0,
700,1,5,,('Fairy'),203,205,216,3069,,0,
701,1,6,8,"('Fighting' , 'Flying')",195,153,186,2410,,0,
702,1,4,5,"('Electric' , 'Fairy')",164,134,167,1841,,0,
703,1,16,5,"('Rock' , 'Fairy')",95,285,137,1467,,0,
704,1,3,,('Dragon'),101,112,128,976,,0,
705,1,3,,('Dragon'),159,176,169,2037,,0,
706,1,3,,('Dragon'),220,242,207,3505,,0,
707,1,17,5,"('Steel' , 'Fairy')",160,179,149,1949,,0,
708,1,9,10,"('Ghost' , 'Grass')",125,103,125,1123,,0,
709,1,9,10,"('Ghost' , 'Grass')",201,154,198,2559,,0,
710,1,9,10,"('Ghost' , 'Grass')",122,124,127,1202,,0,
711,1,9,10,"('Ghost' , 'Grass')",171,219,146,2254,,0,
712,1,12,,('Ice'),117,120,146,1215,,0,
713,1,12,,('Ice'),196,240,216,3198,,0,
714,1,8,3,"('Flying' , 'Dragon')",83,73,120,667,,0,
715,1,8,3,"('Flying' , 'Dragon')",205,175,198,2764,,0,
716,1,5,,('Fairy'),275,203,270,4514,,0,
717,1,2,8,"('Dark' , 'Flying')",275,203,270,4514,,0,
718,1,3,11,"('Dragon' , 'Ground')",203,232,239,3410,,0,
719,1,16,5,"('Rock' , 'Fairy')",190,285,137,2734,,0,
720,1,15,9,"('Psychic' , 'Ghost')",287,206,190,4014,,0,
721,1,7,18,"('Fire' , 'Water')",341,210,190,4775,,0,
722,1,10,8,"('Grass' , 'Flying')",102,99,169,1058,,0,
723,1,10,8,"('Grass' , 'Flying')",142,139,186,1725,,0,
724,1,10,9,"('Grass' , 'Ghost')",210,179,186,2775,,0,
725,1,7,,('Fire'),128,79,128,1035,,0,
726,1,7,,('Fire'),174,103,163,1710,,0,
727,1,7,2,"('Fire' , 'Dark')",214,175,216,2996,,0,
728,1,18,,('Water'),120,103,137,1129,,0,
729,1,18,,('Water'),168,145,155,1885,,0,
730,1,18,5,"('Water' , 'Fairy')",232,195,190,3200,,0,
731,1,13,8,"('Normal' , 'Flying')",136,59,111,910,,0,
732,1,13,8,"('Normal' , 'Flying')",159,100,146,1478,,0,
733,1,13,8,"('Normal' , 'Flying')",222,146,190,2689,,0,
734,1,13,,('Normal'),122,56,134,880,,0,
735,1,13,,('Normal'),194,113,204,2185,,0,
736,1,1,,('Bug'),115,85,132,984,,0,
737,1,1,4,"('Bug' , 'Electric')",145,161,149,1697,,0,
738,1,1,4,"('Bug' , 'Electric')",254,158,184,3117,,0,
739,1,6,,('Fighting'),150,104,132,1363,,0,
740,1,6,12,"('Fighting' , 'Ice')",231,138,219,2907,,0,
741,1,7,8,"('Fire' , 'Flying')",196,145,181,2333,,0,
742,1,1,5,"('Bug' , 'Fairy')",110,81,120,888,,0,
743,1,1,5,"('Bug' , 'Fairy')",198,146,155,2200,,0,
744,1,16,,('Rock'),117,78,128,950,,0,
745,1,16,,('Rock'),231,140,181,2678,,0,
746,1,18,,('Water'),46,43,128,346,,0,
747,1,14,18,"('Poison' , 'Water')",98,110,137,972,,0,
748,1,14,18,"('Poison' , 'Water')",114,273,137,1685,,0,
749,1,11,,('Ground'),175,121,172,1892,,0,
750,1,11,,('Ground'),214,174,225,3046,,0,
751,1,18,1,"('Water' , 'Bug')",72,117,116,714,,0,
752,1,18,1,"('Water' , 'Bug')",126,219,169,1827,,0,
753,1,10,,('Grass'),100,64,120,741,,0,
754,1,10,,('Grass'),192,169,172,2398,,0,
755,1,10,5,"('Grass' , 'Fairy')",108,119,120,1033,,0,
756,1,10,5,"('Grass' , 'Fairy')",154,168,155,1861,,0,
757,1,14,7,"('Poison' , 'Fire')",136,80,134,1122,,0,
758,1,14,7,"('Poison' , 'Fire')",228,130,169,2479,,0,
759,1,13,6,"('Normal' , 'Fighting')",136,95,172,1352,,0,
760,1,13,6,"('Normal' , 'Fighting')",226,141,260,3117,,0,
761,1,10,,('Grass'),55,69,123,470,,0,
762,1,10,,('Grass'),78,94,141,757,,0,
763,1,10,,('Grass'),222,195,176,2964,,0,
764,1,5,,('Fairy'),165,215,139,2115,,0,
765,1,13,15,"('Normal' , 'Psychic')",168,192,207,2450,,0,
766,1,6,,('Fighting'),222,160,225,3033,,0,
767,1,1,18,"('Bug' , 'Water')",67,74,93,502,,0,
768,1,1,18,"('Bug' , 'Water')",218,226,181,3162,,0,
769,1,9,11,"('Ghost' , 'Ground')",120,118,146,1233,,0,
770,1,9,11,"('Ghost' , 'Ground')",178,178,198,2444,,0,
771,1,18,,('Water'),97,224,146,1372,,0,
772,1,13,,('Normal'),184,184,216,2664,,0,
773,1,13,,('Normal'),198,198,216,2950,,0,
774,1,16,8,"('Rock' , 'Flying')",116,194,155,1542,,0,
775,1,13,,('Normal'),216,165,163,2582,,0,
776,1,7,3,"('Fire' , 'Dragon')",165,215,155,2223,,0,
777,1,4,17,"('Electric' , 'Steel')",190,145,163,2160,,0,
778,1,9,5,"('Ghost' , 'Fairy')",177,199,146,2225,,0,
779,1,18,15,"('Water' , 'Psychic')",208,145,169,2389,,0,
780,1,13,3,"('Normal' , 'Dragon')",231,164,186,2914,,0,
781,1,9,10,"('Ghost' , 'Grass')",233,179,172,2950,,0,
782,1,3,,('Dragon'),102,108,128,969,,0,
783,1,3,6,"('Dragon' , 'Fighting')",145,162,146,1686,,0,
784,1,3,6,"('Dragon' , 'Fighting')",222,240,181,3309,,0,
785,1,4,5,"('Electric' , 'Fairy')",250,181,172,3168,,0,
786,1,15,5,"('Psychic' , 'Fairy')",259,208,172,3494,,0,
787,1,10,5,"('Grass' , 'Fairy')",249,215,172,3419,,0,
788,1,18,5,"('Water' , 'Fairy')",189,254,172,2857,,0,
789,1,15,,('Psychic'),54,57,125,432,,0,
790,1,15,,('Psychic'),54,242,125,817,,0,
791,1,15,17,"('Psychic' , 'Steel')",280,210,289,4818,,0,
792,1,15,9,"('Psychic' , 'Ghost')",280,210,289,4818,,0,
793,1,16,14,"('Rock' , 'Poison')",249,210,240,3949,,0,
794,1,1,6,"('Bug' , 'Fighting')",259,216,237,4128,,0,
795,1,1,6,"('Bug' , 'Fighting')",316,85,174,2842,,0,
796,1,4,,('Electric'),330,144,195,3937,,0,
797,1,17,8,"('Steel' , 'Flying')",207,199,219,3102,,0,
798,1,10,17,"('Grass' , 'Steel')",355,200,153,4391,,0,
799,1,2,3,"('Dark' , 'Dragon')",188,99,440,2887,,0,
800,1,15,,('Psychic'),251,195,219,3682,,0,
801,1,17,5,"('Steel' , 'Fairy')",246,225,190,3615,,0,
802,1,6,9,"('Fighting' , 'Ghost')",265,190,207,3730,,0,
803,1,14,,('Poison'),1,1,1,15,,0,
804,1,14,3,"('Poison' , 'Dragon')",1,1,1,15,,0,
805,1,16,17,"('Rock' , 'Steel')",1,1,1,15,,0,
806,1,7,9,"('Fire' , 'Ghost')",1,1,1,15,,0,
807,1,4,,('Electric'),1,1,1,15,,0,
