pokemon_id,pokemonName,form,family,evoChain,evoStage,branch,atk,def,sta,gen,family_id
1,Bulbasaur,,Bulbasaur,,1,,118,111,128,1,1
2,Ivysaur,,Bulbasaur,,2,,151,143,155,1,1
3,Venusaur,,Bulbasaur,,3,,198,189,190,1,1
3,Venusaur,Mega,Bulbasaur,,4,,241,246,190,6,1
4,Charmander,,Charmander,,1,,116,93,118,1,2
5,Charmeleon,,Charmander,,2,,158,126,151,1,2
6,Charizard,,Charmander,,3,,223,173,186,1,2
6,Charizard,Mega Y,Charmander,,4,,319,212,186,6,2
6,Charizard,Mega X,Charmander,,4,,273,213,186,6,2
7,Squirtle,,Squirtle,,1,,94,121,127,1,3
8,Wartortle,,Squirtle,,2,,126,155,153,1,3
9,Blastoise,,Squirtle,,3,,171,207,188,1,3
9,Blastoise,Mega,Squirtle,,4,,264,237,188,6,3
10,Caterpie,,Caterpie,,1,,55,55,128,1,4
11,Metapod,,Caterpie,,2,,45,80,137,1,4
12,Butterfree,,Caterpie,,3,,167,137,155,1,4
13,Weedle,,Weedle,,1,,63,50,120,1,5
14,Kakuna,,Weedle,,2,,46,75,128,1,5
15,Beedrill,,Weedle,,3,,169,130,163,1,5
15,Beedrill,Mega,Weedle,,4,,303,148,163,6,5
16,Pidgey,,Pidgey,,1,,85,73,120,1,6
17,Pidgeotto,,Pidgey,,2,,117,105,160,1,6
18,Pidgeot,,Pidgey,,3,,166,154,195,1,6
18,Pidgeot,Mega,Pidgey,,4,,166,154,195,6,6
19,Rattata,Alola,Rattata,,1,,103,70,102,1,7
19,Rattata,,Rattata,,1,,103,70,102,1,7
20,Raticate,Alola,Rattata,,2,,135,154,181,1,7
20,Raticate,,Rattata,,2,,161,139,146,1,7
21,Spearow,,Spearow,,1,,112,60,120,1,8
22,Fearow,,Spearow,,2,,182,133,163,1,8
23,Ekans,,Ekans,,1,,110,97,111,1,9
24,Arbok,,Ekans,,2,,167,153,155,1,9
172,Pichu,,Pikachu,,1,,77,53,85,2,10
25,Pikachu,,Pikachu,,2,,112,96,111,1,10
26,Raichu,Alola,Pikachu,,3,,201,154,155,1,10
26,Raichu,,Pikachu,,3,,193,151,155,1,10
27,Sandshrew,Alola,Sandshrew,,1,,125,129,137,1,11
27,Sandshrew,,Sandshrew,,1,,126,120,137,1,11
28,Sandslash,Alola,Sandshrew,,2,,177,195,181,1,11
28,Sandslash,,Sandshrew,,2,,182,175,181,1,11
29,Nidoran♀,,Nidoran♀,,1,,86,89,146,1,12
30,Nidorina,,Nidoran♀,,2,,117,120,172,1,12
31,Nidoqueen,,Nidoran♀,,3,,180,173,207,1,12
32,Nidoran♂,,Nidoran♂,,1,,105,76,130,1,13
33,Nidorino,,Nidoran♂,,2,,137,111,156,1,13
34,Nidoking,,Nidoran♂,,3,,204,156,191,1,13
173,Cleffa,,Clefairy,,1,,75,79,137,2,14
35,Clefairy,,Clefairy,,2,,107,108,172,1,14
36,Clefable,,Clefairy,,3,,178,162,216,1,14
37,Vulpix,Alola,Vulpix,,1,,96,109,116,1,15
37,Vulpix,,Vulpix,,1,,96,109,116,1,15
38,Ninetales,Alola,Vulpix,,2,,170,193,177,1,15
38,Ninetales,,Vulpix,,2,,169,190,177,1,15
174,Igglybuff,,Jigglypuff,,1,,69,32,207,2,16
39,Jigglypuff,,Jigglypuff,,2,,80,41,251,1,16
40,Wigglytuff,,Jigglypuff,,3,,156,90,295,1,16
41,Zubat,,Zubat,,1,,83,73,120,1,17
42,Golbat,,Zubat,,2,,161,150,181,1,17
169,Crobat,,Zubat,,3,,194,178,198,2,17
43,Oddish,,Oddish,,2,,131,112,128,1,18
44,Gloom,,Oddish,,2,,153,136,155,1,18
45,Vileplume,,Oddish,,3,1,202,167,181,1,18
182,Bellossom,,Oddish,,3,2,169,186,181,2,18
46,Paras,,Paras,,1,,121,99,111,1,19
47,Parasect,,Paras,,2,,165,146,155,1,19
48,Venonat,,Venonat,,1,,100,100,155,1,20
49,Venomoth,,Venonat,,2,,179,143,172,1,20
50,Diglett,Alola,Diglett,,1,,108,81,67,1,21
50,Diglett,,Diglett,,1,,109,78,67,1,21
51,Dugtrio,Alola,Diglett,,2,,201,142,111,1,21
51,Dugtrio,,Diglett,,2,,167,134,111,1,21
52,Meowth,Galarian,Meowth,,1,,115,92,137,8,22
52,Meowth,Alola,Meowth,,1,,99,78,120,1,22
52,Meowth,,Meowth,,1,,92,78,120,1,22
53,Persian,Alola,Meowth,,2,,158,136,163,1,22
53,Persian,,Meowth,,2,,150,136,163,1,22
863,Perrserker,Galarian,Meowth,,2,,195,162,172,8,22
54,Psyduck,,Psyduck,,1,,122,95,137,1,23
55,Golduck,,Psyduck,,2,,191,162,190,1,23
56,Mankey,,Mankey,,1,,148,82,120,1,24
57,Primeape,,Mankey,,2,,207,138,163,1,24
58,Growlithe,,Growlithe,,1,,136,93,146,1,25
59,Arcanine,,Growlithe,,2,,227,166,207,1,25
60,Poliwag,,Poliwag,,1,,101,82,120,1,26
61,Poliwhirl,,Poliwag,,2,,130,123,163,1,26
186,Politoed,,Poliwag,,3,2,174,179,207,2,26
62,Poliwrath,,Poliwag,,3,,182,184,207,1,26
63,Abra,,Abra,,1,,195,82,93,1,27
64,Kadabra,,Abra,,2,,232,117,120,1,27
65,Alakazam,,Abra,,3,,271,167,146,1,27
66,Machop,,Machop,,1,,137,82,172,1,28
67,Machoke,,Machop,,2,,177,125,190,1,28
68,Machamp,,Machop,,3,,234,159,207,1,28
69,Bellsprout,,Bellsprout,,1,,139,61,137,1,29
70,Weepinbell,,Bellsprout,,2,,172,92,163,1,29
71,Victreebel,,Bellsprout,,3,,207,135,190,1,29
72,Tentacool,,Tentacool,,1,,97,149,120,1,30
73,Tentacruel,,Tentacool,,2,,166,209,190,1,30
74,Geodude,,Geodude,,1,,132,132,120,1,31
74,Geodude,Alola,Geodude,,1,,132,132,120,1,31
75,Graveler,Alola,Geodude,,2,,164,164,146,1,31
75,Graveler,,Geodude,,2,,164,164,146,1,31
76,Golem,,Geodude,,3,,211,198,190,1,31
76,Golem,Alola,Geodude,,3,,211,198,190,1,31
77,Ponyta,Galarian,Ponyta,,1,,170,127,137,8,32
77,Ponyta,,Ponyta,,1,,170,127,137,1,32
78,Rapidash,,Ponyta,,2,,207,162,163,1,32
78,Rapidash,Galarian,Ponyta,,2,,207,162,163,8,32
79,Slowpoke,,Slowpoke,,1,,109,98,207,1,33
199,Slowking,,Slowpoke,,2,2,177,180,216,2,33
80,Slowbro,,Slowpoke,,2,,177,180,216,1,33
81,Magnemite,,Magnemite,,1,,165,121,93,1,34
82,Magneton,,Magnemite,,2,,223,169,137,1,34
462,Magnezone,,Magnemite,,3,,238,205,172,4,34
83,Farfetch'd,,Farfetch'd,,1,,124,115,141,1,35
83,Farfetch'd,Galarian,Farfetch'd,,1,,174,114,141,1,35
865,Sirfetch'd,Galarian,Farfetch'd,,2,,248,176,158,8,35
84,Doduo,,Doduo,,1,,158,83,111,1,36
85,Dodrio,,Doduo,,2,,218,140,155,1,36
86,Seel,,Seel,,1,,85,121,163,1,37
87,Dewgong,,Seel,,2,,139,177,207,1,37
88,Grimer,,Grimer,,1,,135,90,190,1,38
88,Grimer,Alola,Grimer,,1,,135,90,190,1,38
89,Muk,,Grimer,,2,,190,172,233,1,38
89,Muk,Alola,Grimer,,2,,190,172,233,1,38
90,Shellder,,Shellder,,1,,116,134,102,1,39
91,Cloyster,,Shellder,,2,,186,256,137,1,39
92,Gastly,,Gastly,,1,,186,67,102,1,40
93,Haunter,,Gastly,,2,,223,107,128,1,40
94,Gengar,,Gastly,,3,,261,149,155,1,40
94,Gengar,Mega,Gastly,,4,,349,155,199,6,40
95,Onix,,Onix,,1,,85,232,111,1,41
208,Steelix,,Onix,,2,,148,272,181,2,41
96,Drowzee,,Drowzee,,1,,89,136,155,1,42
97,Hypno,,Drowzee,,2,,144,193,198,1,42
98,Krabby,,Krabby,,1,,181,124,102,1,43
99,Kingler,,Krabby,,2,,240,181,146,1,43
100,Voltorb,,Voltorb,,1,,109,111,120,1,44
101,Electrode,,Voltorb,,2,,173,173,155,1,44
102,Exeggcute,,Exeggcute,,1,,107,125,155,1,45
103,Exeggutor,Alola,Exeggcute,,2,,230,153,216,1,45
103,Exeggutor,,Exeggcute,,2,,233,149,216,1,45
104,Cubone,,Cubone,,1,,90,144,137,1,46
105,Marowak,,Cubone,,2,,144,186,155,1,46
105,Marowak,Alola,Cubone,,2,,144,186,155,1,46
236,Tyrogue,,Tyrogue,,1,,64,64,111,2,47
106,Hitmonlee,,Tyrogue,,2,1,224,181,137,1,47
107,Hitmonchan,,Tyrogue,,2,2,193,197,137,1,47
237,Hitmontop,,Tyrogue,,2,3,173,207,137,2,47
108,Lickitung,,Lickitung,,1,,108,137,207,1,48
463,Lickilicky,,Lickitung,,2,,161,181,242,4,48
109,Koffing,,Koffing,,1,,119,141,120,1,49
110,Weezing,Galarian,Koffing,,2,,174,197,163,1,49
110,Weezing,,Koffing,,2,,174,197,163,1,49
111,Rhyhorn,,Rhyhorn,,1,,140,127,190,1,50
112,Rhydon,,Rhyhorn,,2,,222,171,233,1,50
464,Rhyperior,,Rhyhorn,,3,,241,190,251,4,50
440,Happiny,,Chansey,,1,,25,77,225,4,51
113,Chansey,,Chansey,,2,,60,128,487,1,51
242,Blissey,,Chansey,,3,,129,169,496,2,51
114,Tangela,,Tangela,,1,,183,169,163,1,52
465,Tangrowth,,Tangela,,2,,207,184,225,4,52
115,Kangaskhan,,Kangaskhan,,1,,181,165,233,1,53
116,Horsea,,Horsea,,1,,129,103,102,1,54
117,Seadra,,Horsea,,2,,187,156,146,1,54
230,Kingdra,,Horsea,,3,,194,194,181,2,54
118,Goldeen,,Goldeen,,1,,123,110,128,1,55
119,Seaking,,Goldeen,,2,,175,147,190,1,55
120,Staryu,,Staryu,,1,,137,112,102,1,56
121,Starmie,,Staryu,,2,,210,184,155,1,56
439,Mime Jr.,,Mr. Mime,,1,,125,142,85,4,57
122,Mr. Mime,,Mr. Mime,,2,,192,205,120,1,57
866,Mr. Rime,Galarian,Mr. Mime,,3,,212,179,190,8,57
123,Scyther,,Scyther,,1,,218,170,172,1,58
212,Scizor,,Scyther,,2,,236,181,172,2,58
238,Smoochum,,Jynx,,1,,153,91,128,2,59
124,Jynx,,Jynx,,2,,223,151,163,1,59
239,Elekid,,Electabuzz,,1,,135,101,128,2,60
125,Electabuzz,,Electabuzz,,2,,198,158,163,1,60
466,Electivire,,Electabuzz,,3,,249,163,181,4,60
240,Magby,,Magmar,,1,,151,99,128,2,61
126,Magmar,,Magmar,,2,,206,154,163,1,61
467,Magmortar,,Magmar,,3,,247,172,181,4,61
127,Pinsir,,Pinsir,,1,,238,182,163,1,62
128,Tauros,,Tauros,,1,,198,183,181,1,63
129,Magikarp,,Magikarp,,1,,29,85,85,1,64
130,Gyarados,,Magikarp,,2,,237,186,216,1,64
130,Gyarados,Mega,Magikarp,,3,,292,216,247,6,64
131,Lapras,,Lapras,,1,,165,174,277,1,65
132,Ditto,,Ditto,,1,,91,91,134,1,66
133,Eevee,,Eevee,,1,,104,114,146,1,67
134,Vaporeon,,Eevee,,2,1,205,161,277,1,67
135,Jolteon,,Eevee,,2,2,232,182,163,1,67
136,Flareon,,Eevee,,2,3,246,179,163,1,67
196,Espeon,,Eevee,,2,4,261,175,163,2,67
197,Umbreon,,Eevee,,2,5,126,240,216,2,67
470,Leafeon,,Eevee,,2,6,216,219,163,4,67
471,Glaceon,,Eevee,,2,7,238,205,163,4,67
700,Sylveon,,Eevee,,2,8,203,205,216,6,67
137,Porygon,,Porygon,,1,,153,136,163,1,68
233,Porygon2,,Porygon,,2,,198,180,198,2,68
474,Porygon-Z,,Porygon,,3,,264,150,198,4,68
138,Omanyte,,Omanyte,,1,,155,153,111,1,69
139,Omastar,,Omanyte,,2,,207,201,172,1,69
140,Kabuto,,Kabuto,,1,,148,140,102,1,70
141,Kabutops,,Kabuto,,2,,220,186,155,1,70
142,Aerodactyl,,Aerodactyl,,1,,221,159,190,1,71
446,Munchlax,,Snorlax,,1,,137,117,286,4,72
143,Snorlax,,Snorlax,,2,,190,169,330,1,72
144,Articuno,,Articuno,,1,,192,236,207,1,73
145,Zapdos,,Zapdos,,1,,253,185,207,1,74
146,Moltres,,Moltres,,1,,251,181,207,1,75
147,Dratini,,Dratini,,1,,119,91,121,1,76
148,Dragonair,,Dratini,,2,,163,135,156,1,76
149,Dragonite,,Dratini,,3,,263,198,209,1,76
150,Mewtwo,Armored,Mewtwo,,1,,182,278,214,1,77
150,Mewtwo,,Mewtwo,,1,,300,182,214,1,77
151,Mew,,Mew,,1,,210,210,225,1,78
152,Chikorita,,Chikorita,,1,,92,122,128,2,79
153,Bayleef,,Chikorita,,2,,122,155,155,2,79
154,Meganium,,Chikorita,,3,,168,202,190,2,79
155,Cyndaquil,,Cyndaquil,,1,,116,93,118,2,80
156,Quilava,,Cyndaquil,,2,,158,126,151,2,80
157,Typhlosion,,Cyndaquil,,3,,223,173,186,2,80
158,Totodile,,Totodile,,1,,117,109,137,2,81
159,Croconaw,,Totodile,,2,,150,142,163,2,81
160,Feraligatr,,Totodile,,3,,205,188,198,2,81
161,Sentret,,Sentret,,1,,79,73,111,2,82
162,Furret,,Sentret,,2,,148,125,198,2,82
163,Hoothoot,,Hoothoot,,1,,67,88,155,2,83
164,Noctowl,,Hoothoot,,2,,145,156,225,2,83
165,Ledyba,,Ledyba,,1,,72,118,120,2,84
166,Ledian,,Ledyba,,2,,107,179,146,2,84
167,Spinarak,,Spinarak,,1,,105,73,120,2,85
168,Ariados,,Spinarak,,2,,161,124,172,2,85
170,Chinchou,,Chinchou,,1,,106,97,181,2,86
171,Lanturn,,Chinchou,,2,,146,137,268,2,86
175,Togepi,,Togepi,,1,,67,116,111,2,87
176,Togetic,,Togepi,,2,,139,181,146,2,87
468,Togekiss,,Togepi,,3,,225,217,198,4,87
177,Natu,,Natu,,1,,134,89,120,2,88
178,Xatu,,Natu,,2,,192,146,163,2,88
179,Mareep,,Mareep,,1,,114,79,146,2,89
180,Flaaffy,,Mareep,,2,,145,109,172,2,89
181,Ampharos,,Mareep,,3,,211,169,207,2,89
181,Ampharos,Mega,Mareep,,4,,294,207,203,6,89
298,Azurill,,Marill,,1,,36,71,137,3,90
183,Marill,,Marill,,2,,37,93,172,2,90
184,Azumarill,,Marill,,3,,112,152,225,2,90
438,Bonsly,,Sudowoodo,,1,,124,133,137,4,91
185,Sudowoodo,,Sudowoodo,,2,,167,176,172,2,91
187,Hoppip,,Hoppip,,1,,67,94,111,2,92
188,Skiploom,,Hoppip,,2,,91,120,146,2,92
189,Jumpluff,,Hoppip,,3,,118,183,181,2,92
190,Aipom,,Aipom,,1,,136,112,146,2,93
424,Ambipom,,Aipom,,2,,205,143,181,4,93
191,Sunkern,,Sunkern,,1,,55,55,102,2,94
192,Sunflora,,Sunkern,,2,,185,135,181,2,94
193,Yanma,,Yanma,,1,,154,94,163,2,95
469,Yanmega,,Yanma,,2,,231,156,200,4,95
194,Wooper,,Wooper,,1,,75,66,146,2,96
195,Quagsire,,Wooper,,2,,152,143,216,2,96
198,Murkrow,,Murkrow,,1,,175,87,155,2,97
430,Honchkrow,,Murkrow,,2,,243,103,225,4,97
200,Misdreavus,,Misdreavus,,1,,167,154,155,2,98
429,Mismagius,,Misdreavus,,2,,211,187,155,4,98
201,Unown,,Unown,,1,,136,91,134,2,99
360,Wynaut,,Wobbuffet,,1,,41,86,216,3,100
202,Wobbuffet,,Wobbuffet,,2,,60,106,382,2,100
203,Girafarig,,Girafarig,,1,,182,133,172,2,101
204,Pineco,,Pineco,,1,,108,122,137,2,102
205,Forretress,,Pineco,,2,,161,205,181,2,102
206,Dunsparce,,Dunsparce,,1,,131,128,225,2,103
207,Gligar,,Gligar,,1,,143,184,163,2,104
472,Gliscor,,Gligar,,2,,185,222,181,4,104
209,Snubbull,,Snubbull,,1,,137,85,155,2,105
210,Granbull,,Snubbull,,2,,212,131,207,2,105
211,Qwilfish,,Qwilfish,,1,,184,138,163,2,106
213,Shuckle,,Shuckle,,1,,17,396,85,2,107
214,Heracross,,Heracross,,1,,234,179,190,2,108
215,Sneasel,,Sneasel,,1,,189,146,146,2,109
461,Weavile,,Sneasel,,2,,243,171,172,4,109
216,Teddiursa,,Teddiursa,,1,,142,93,155,2,110
217,Ursaring,,Teddiursa,,2,,236,144,207,2,110
218,Slugma,,Slugma,,1,,118,71,120,2,111
219,Magcargo,,Slugma,,2,,139,191,137,2,111
220,Swinub,,Swinub,,1,,90,69,137,2,112
221,Piloswine,,Swinub,,2,,181,138,225,2,112
473,Mamoswine,,Swinub,,3,,247,146,242,4,112
222,Corsola,,Corsola,,1,,118,156,146,2,113
223,Remoraid,,Remoraid,,1,,127,69,111,2,114
224,Octillery,,Remoraid,,2,,197,141,181,2,114
225,Delibird,,Delibird,,1,,128,90,128,2,115
458,Mantyke,,Mantine,,1,,105,179,128,4,116
226,Mantine,,Mantine,,2,,148,226,163,2,116
227,Skarmory,,Skarmory,,1,,148,226,163,2,117
228,Houndour,,Houndour,,1,,152,83,128,2,118
229,Houndoom,,Houndour,,2,,224,144,181,2,118
229,Houndoom,Mega,Houndour,,4,,289,181,194,6,118
231,Phanpy,,Phanpy,,1,,107,98,207,2,119
232,Donphan,,Phanpy,,2,,214,185,207,2,119
234,Stantler,,Stantler,,1,,192,131,177,2,120
235,Smeargle,,Smeargle,,1,,40,83,146,2,121
241,Miltank,,Miltank,,1,,157,193,216,2,122
243,Raikou,,Raikou,,1,,241,195,207,2,123
244,Entei,,Entei,,1,,235,171,251,2,124
245,Suicune,,Suicune,,1,,180,235,225,2,125
246,Larvitar,,Larvitar,,1,,115,93,137,2,126
247,Pupitar,,Larvitar,,2,,155,133,172,2,126
248,Tyranitar,,Larvitar,,3,,251,207,225,2,126
249,Lugia,,Lugia,,1,,193,310,235,2,127
250,Ho-Oh,,Ho-Oh,,1,,239,244,214,2,128
251,Celebi,,Celebi,,1,,210,210,225,2,129
252,Treecko,,Treecko,,1,,124,94,120,3,130
253,Grovyle,,Treecko,,2,,172,120,137,3,130
254,Sceptile,,Treecko,,3,,223,169,172,3,130
255,Torchic,,Torchic,,1,,130,87,128,3,131
256,Combusken,,Torchic,,2,,163,115,155,3,131
257,Blaziken,,Torchic,,3,,240,141,190,3,131
258,Mudkip,,Mudkip,,1,,126,93,137,3,132
259,Marshtomp,,Mudkip,,2,,156,133,172,3,132
260,Swampert,,Mudkip,,3,,208,175,225,3,132
261,Poochyena,,Poochyena,,1,,96,61,111,3,133
262,Mightyena,,Poochyena,,2,,171,132,172,3,133
263,Zigzagoon,Galarian,Zigzagoon,,1,,58,80,116,3,134
263,Zigzagoon,,Zigzagoon,,1,,58,80,116,3,134
264,Linoone,,Zigzagoon,,2,,142,128,186,3,134
264,Linoone,Galarian,Zigzagoon,,2,,142,128,186,3,134
862,Obstagoon,Galarian,Zigzagoon,,3,,180,194,212,8,134
265,Wurmple,,Wurmple,,1,,75,59,128,3,135
266,Silcoon,,Wurmple,,2,1,60,77,137,3,135
268,Cascoon,,Wurmple,,2,2,60,77,137,3,135
267,Beautifly,,Wurmple,,3,1,189,98,155,3,135
269,Dustox,,Wurmple,,3,2,98,162,155,3,135
270,Lotad,,Lotad,,1,,71,77,120,3,136
271,Lombre,,Lotad,,2,,112,119,155,3,136
272,Ludicolo,,Lotad,,3,,173,176,190,3,136
273,Seedot,,Seedot,,1,,71,77,120,3,137
274,Nuzleaf,,Seedot,,2,,134,78,172,3,137
275,Shiftry,,Seedot,,3,,200,121,207,3,137
276,Taillow,,Taillow,,1,,106,61,120,3,138
277,Swellow,,Taillow,,2,,185,124,155,3,138
278,Wingull,,Wingull,,1,,106,61,120,3,139
279,Pelipper,,Wingull,,2,,175,174,155,3,139
582,Vanillite,,Vanillite,,1,,118,106,113,5,140
280,Ralts,,Vanillite,,2,,79,59,99,3,140
583,Vanillish,,Vanillite,,2,,151,138,139,5,140
584,Vanilluxe,,Vanillite,,3,,218,184,174,5,140
281,Kirlia,,Ralts,,2,,117,90,116,3,141
282,Gardevoir,,Ralts,,3,1,237,195,169,3,141
475,Gallade,,Ralts,,3,2,237,195,169,4,141
283,Surskit,,Surskit,,1,,93,87,120,3,142
284,Masquerain,,Surskit,,2,,192,150,172,3,142
285,Shroomish,,Shroomish,,1,,74,110,155,3,143
286,Breloom,,Shroomish,,2,,241,144,155,3,143
287,Slakoth,,Slakoth,,1,,104,92,155,3,144
288,Vigoroth,,Slakoth,,2,,159,145,190,3,144
289,Slaking,,Slakoth,,3,,290,166,284,3,144
290,Nincada,,Nincada,,2,,80,126,104,3,145
291,Ninjask,,Nincada,,2,,199,112,156,3,145
292,Shedinja,,Nincada,,2,,153,73,1,3,145
293,Whismur,,Whismur,,1,,92,42,162,3,146
294,Loudred,,Whismur,,2,,134,81,197,3,146
295,Exploud,,Whismur,,3,,179,137,232,3,146
296,Makuhita,,Makuhita,,1,,99,54,176,3,147
297,Hariyama,,Makuhita,,2,,209,114,302,3,147
299,Nosepass,,Nosepass,,1,,82,215,102,3,148
476,Probopass,,Nosepass,,2,,135,275,155,4,148
300,Skitty,,Skitty,,1,,84,79,137,3,149
301,Delcatty,,Skitty,,2,,132,127,172,3,149
302,Sableye,,Sableye,,1,,141,136,137,3,150
303,Mawile,,Mawile,,1,,155,141,137,3,151
304,Aron,,Aron,,1,,121,141,137,3,152
305,Lairon,,Aron,,2,,158,198,155,3,152
306,Aggron,,Aron,,3,,198,257,172,3,152
307,Meditite,,Meditite,,1,,78,107,102,3,153
308,Medicham,,Meditite,,2,,121,152,155,3,153
309,Electrike,,Electrike,,1,,123,78,120,3,154
310,Manectric,,Electrike,,2,,215,127,172,3,154
310,Manectric,Mega,Electrike,,3,,286,172,179,6,154
311,Plusle,,Plusle,,1,,167,129,155,3,155
312,Minun,,Minun,,1,,147,150,155,3,156
313,Volbeat,,Volbeat,,1,,143,166,163,3,157
314,Illumise,,Illumise,,1,,143,166,163,3,158
406,Budew,,Roselia,,1,,91,109,120,4,159
315,Roselia,,Roselia,,2,,186,131,137,3,159
407,Roserade,,Roselia,,3,,243,185,155,4,159
316,Gulpin,,Gulpin,,1,,80,99,172,3,160
317,Swalot,,Gulpin,,2,,140,159,225,3,160
318,Carvanha,,Carvanha,,1,,171,39,128,3,161
319,Sharpedo,,Carvanha,,2,,243,83,172,3,161
320,Wailmer,,Wailmer,,1,,136,68,277,3,162
321,Wailord,,Wailmer,,2,,175,87,347,3,162
322,Numel,,Numel,,1,,119,79,155,3,163
323,Camerupt,,Numel,,2,,194,136,172,3,163
324,Torkoal,,Torkoal,,1,,151,203,172,3,164
325,Spoink,,Spoink,,1,,125,122,155,3,165
326,Grumpig,,Spoink,,2,,171,188,190,3,165
327,Spinda,,Spinda,,1,,116,116,155,3,166
328,Trapinch,,Trapinch,,1,,162,78,128,3,167
329,Vibrava,,Trapinch,,2,,134,99,137,3,167
330,Flygon,,Trapinch,,3,,205,168,190,3,167
331,Cacnea,,Cacnea,,1,,156,74,137,3,168
332,Cacturne,,Cacnea,,2,,221,115,172,3,168
333,Swablu,,Swablu,,1,,76,132,128,3,169
334,Altaria,,Swablu,,2,,141,201,181,3,169
335,Zangoose,,Zangoose,,1,,222,124,177,3,170
336,Seviper,,Seviper,,1,,196,118,177,3,171
337,Lunatone,,Lunatone,,1,,178,153,207,3,172
338,Solrock,,Solrock,,1,,178,153,207,3,173
339,Barboach,,Barboach,,1,,93,82,137,3,174
340,Whiscash,,Barboach,,2,,151,141,242,3,174
341,Corphish,,Corphish,,1,,141,99,125,3,175
342,Crawdaunt,,Corphish,,2,,224,142,160,3,175
343,Baltoy,,Baltoy,,1,,77,124,120,3,176
344,Claydol,,Baltoy,,2,,140,229,155,3,176
345,Lileep,,Lileep,,1,,105,150,165,3,177
346,Cradily,,Lileep,,2,,152,194,200,3,177
347,Anorith,,Anorith,,1,,176,100,128,3,178
348,Armaldo,,Anorith,,2,,222,174,181,3,178
349,Feebas,,Feebas,,1,,29,85,85,3,179
350,Milotic,,Feebas,,2,,192,219,216,3,179
351,Castform,Sunny,Castform,,1,,139,139,172,3,180
351,Castform,,Castform,,1,,139,139,172,3,180
351,Castform,Rainy,Castform,,1,,139,139,172,3,180
351,Castform,Snowy,Castform,,1,,139,139,172,3,180
352,Kecleon,,Kecleon,,1,,161,189,155,3,181
353,Shuppet,,Shuppet,,1,,138,65,127,3,182
354,Banette,,Shuppet,,2,,218,126,162,3,182
355,Duskull,,Duskull,,1,,70,162,85,3,183
356,Dusclops,,Duskull,,2,,124,234,120,3,183
477,Dusknoir,,Duskull,,3,,180,254,128,4,183
357,Tropius,,Tropius,,1,,136,163,223,3,184
433,Chingling,,Chimecho,,1,,114,94,128,4,185
358,Chimecho,,Chimecho,,2,,175,170,181,3,185
359,Absol,,Absol,,1,,246,120,163,3,186
361,Snorunt,,Snorunt,,1,,95,95,137,3,187
478,Froslass,,Snorunt,,2,2,171,150,172,4,187
362,Glalie,,Snorunt,,2,,162,162,190,3,187
363,Spheal,,Spheal,,1,,95,90,172,3,188
364,Sealeo,,Spheal,,2,,137,132,207,3,188
365,Walrein,,Spheal,,3,,182,176,242,3,188
366,Clamperl,,Clamperl,,1,,133,135,111,3,189
367,Huntail,,Clamperl,,2,1,197,179,146,3,189
368,Gorebyss,,Clamperl,,2,2,211,179,146,3,189
369,Relicanth,,Relicanth,,1,,162,203,225,3,190
370,Luvdisc,,Luvdisc,,1,,81,128,125,3,191
371,Bagon,,Bagon,,1,,134,93,128,3,192
372,Shelgon,,Bagon,,2,,172,155,163,3,192
373,Salamence,,Bagon,,3,,277,168,216,3,192
374,Beldum,,Beldum,,1,,96,132,120,3,193
375,Metang,,Beldum,,2,,138,176,155,3,193
376,Metagross,,Beldum,,3,,257,228,190,3,193
377,Regirock,,Regirock,,1,,179,309,190,3,194
378,Regice,,Regice,,1,,179,309,190,3,195
379,Registeel,,Registeel,,1,,143,285,190,3,196
380,Latias,,Latias,,1,,228,246,190,3,197
381,Latios,,Latios,,1,,268,212,190,3,198
382,Kyogre,,Kyogre,,1,,270,228,205,3,199
383,Groudon,,Groudon,,1,,270,228,205,3,200
384,Rayquaza,,Rayquaza,,1,,284,170,213,3,201
385,Jirachi,,Jirachi,,1,,210,210,225,3,202
386,Deoxys,Speed,Deoxys,,1,,230,218,137,3,203
386,Deoxys,Normal,Deoxys,,1,,345,115,137,3,203
386,Deoxys,Attack,Deoxys,,1,,414,46,137,3,203
386,Deoxys,Defense,Deoxys,,1,,144,330,137,3,203
387,Turtwig,,Turtwig,,1,,119,110,146,4,204
388,Grotle,,Turtwig,,2,,157,143,181,4,204
389,Torterra,,Turtwig,,3,,202,188,216,4,204
390,Chimchar,,Chimchar,,1,,113,86,127,4,205
391,Monferno,,Chimchar,,2,,158,105,162,4,205
392,Infernape,,Chimchar,,3,,222,151,183,4,205
393,Piplup,,Piplup,,1,,112,102,142,4,206
394,Prinplup,,Piplup,,2,,150,139,162,4,206
395,Empoleon,,Piplup,,3,,210,186,197,4,206
396,Starly,,Starly,,1,,101,58,120,4,207
397,Staravia,,Starly,,2,,142,94,146,4,207
398,Staraptor,,Starly,,3,,234,140,198,4,207
399,Bidoof,,Bidoof,,1,,80,73,153,4,208
400,Bibarel,,Bidoof,,2,,162,119,188,4,208
401,Kricketot,,Kricketot,,1,,45,74,114,4,209
402,Kricketune,,Kricketot,,2,,160,100,184,4,209
403,Shinx,,Shinx,,1,,117,64,128,4,210
404,Luxio,,Shinx,,2,,159,95,155,4,210
405,Luxray,,Shinx,,3,,232,156,190,4,210
408,Cranidos,,Cranidos,,1,,218,71,167,4,211
409,Rampardos,,Cranidos,,2,,295,109,219,4,211
410,Shieldon,,Shieldon,,1,,76,195,102,4,212
411,Bastiodon,,Shieldon,,2,,94,286,155,4,212
413,Wormadam,Sandy,Burmy,,2,1,141,180,155,4,213
413,Wormadam,Plant,Burmy,,2,1,141,180,155,4,213
413,Wormadam,Trash,Burmy,,2,1,127,175,155,4,213
414,Mothim,,Burmy,,2,2,185,98,172,4,213
412,Burmy,Sandy,Burmy,,2,,53,83,120,4,213
412,Burmy,Plant,Burmy,,2,,53,83,120,4,213
412,Burmy,Trash,Burmy,,2,,53,83,120,4,213
415,Combee,,Combee,,1,,59,83,102,4,214
416,Vespiquen,,Combee,,2,,149,190,172,4,214
417,Pachirisu,,Pachirisu,,1,,94,172,155,4,215
418,Buizel,,Buizel,,1,,132,67,146,4,216
419,Floatzel,,Buizel,,2,,221,114,198,4,216
420,Cherubi,,Cherubi,,1,,108,92,128,4,217
421,Cherim,Sunny,Cherubi,,2,,170,153,172,4,217
421,Cherrim,Overcast,Cherubi,,2,,170,153,172,4,217
422,Shellos,,Shellos,,1,,103,105,183,4,218
423,Gastrodon,,Shellos,,2,,169,143,244,4,218
425,Drifloon,,Drifloon,,1,,117,80,207,4,219
426,Drifblim,,Drifloon,,2,,180,102,312,4,219
427,Buneary,,Buneary,,1,,130,105,146,4,220
428,Lopunny,,Buneary,,2,,156,194,163,4,220
428,Lopunny,Mega,Buneary,,3,,282,163,214,6,220
431,Glameow,,Glameow,,1,,109,82,135,4,221
432,Purugly,,Glameow,,2,,172,133,174,4,221
434,Stunky,,Stunky,,1,,121,90,160,4,222
435,Skuntank,,Stunky,,2,,184,132,230,4,222
436,Bronzor,,Bronzor,,1,,43,154,149,4,223
437,Bronzong,,Bronzor,,2,,161,213,167,4,223
441,Chatot,,Chatot,,1,,183,91,183,4,224
442,Spiritomb,,Spiritomb,,1,,169,199,137,4,225
443,Gible,,Gible,,1,,124,84,151,4,226
444,Gabite,,Gible,,2,,172,125,169,4,226
445,Garchomp,,Gible,,3,,261,193,239,4,226
447,Riolu,,Lucario,,1,,127,78,120,4,227
448,Lucario,,Lucario,,2,,236,144,172,4,227
449,Hippopotas,,Hippopotas,,1,,124,118,169,4,228
450,Hippowdon,,Hippopotas,,2,,201,191,239,4,228
451,Skorupi,,Skorupi,,1,,93,151,120,4,229
452,Drapion,,Skorupi,,2,,180,202,172,4,229
453,Croagunk,,Croagunk,,1,,116,76,134,4,230
454,Toxicroak,,Croagunk,,2,,211,133,195,4,230
455,Carnivine,,Carnivine,,1,,187,136,179,4,231
456,Finneon,,Finneon,,1,,96,116,135,4,232
457,Lumineon,,Finneon,,2,,142,170,170,4,232
459,Snover,,Snover,,1,,115,105,155,4,233
460,Abomasnow,,Snover,,2,,178,158,207,4,233
460,Abomasnow,Mega,Snover,,3,,240,207,191,6,233
479,Rotom,Frost,Rotom,,1,,204,219,137,4,234
479,Rotom,Mow,Rotom,,1,,204,219,137,4,234
479,Rotom,Wash,Rotom,,1,,204,219,137,4,234
479,Rotom,,Rotom,,1,,185,159,137,4,234
479,Rotom,Heat,Rotom,,1,,204,219,137,4,234
479,Rotom,Fan,Rotom,,1,,204,219,137,4,234
480,Uxie,,Uxie,,1,,156,270,181,4,235
481,Mesprit,,Mesprit,,1,,212,212,190,4,236
482,Azelf,,Azelf,,1,,270,151,181,4,237
483,Dialga,,Dialga,,1,,275,211,205,4,238
484,Palkia,,Palkia,,1,,280,215,189,4,239
485,Heatran,,Heatran,,1,,251,213,209,4,240
486,Regigigas,,Regigigas,,1,,287,210,221,4,241
487,Giratina,Altered,Giratina,,1,,187,225,284,4,242
487,Giratina,Origin,Giratina,,1,,225,187,284,4,242
488,Cresselia,,Cresselia,,1,,152,258,260,4,243
489,Phione,,Phione,,1,,162,162,190,4,244
490,Manaphy,,Manaphy,,1,,210,210,225,4,245
491,Darkrai,,Darkrai,,1,,285,198,172,4,246
492,Shaymin,Sky,Shaymin,,1,,261,166,225,4,247
492,Shaymin,Land,Shaymin,,1,,210,210,225,4,247
493,Arceus,Fighting,Arceus,,1,,238,238,237,4,248
493,Arceus,Fairy,Arceus,,1,,238,238,237,4,248
493,Arceus,Steel,Arceus,,1,,238,238,237,4,248
493,Arceus,Water,Arceus,,1,,238,238,237,4,248
493,Arceus,Dark,Arceus,,1,,238,238,237,4,248
493,Arceus,Bug,Arceus,,1,,238,238,237,4,248
493,Arceus,Electric,Arceus,,1,,238,238,237,4,248
493,Arceus,Dragon,Arceus,,1,,238,238,237,4,248
493,Arceus,Grass,Arceus,,1,,238,238,237,4,248
493,Arceus,Ground,Arceus,,1,,238,238,237,4,248
493,Arceus,Ice,Arceus,,1,,238,238,237,4,248
493,Arceus,Fire,Arceus,,1,,238,238,237,4,248
493,Arceus,Flying,Arceus,,1,,238,238,237,4,248
493,Arceus,Ghost,Arceus,,1,,238,238,237,4,248
493,Arceus,Rock,Arceus,,1,,238,238,237,4,248
493,Arceus,Psychic,Arceus,,1,,238,238,237,4,248
493,Arceus,Normal,Arceus,,1,,238,238,237,4,248
493,Arceus,Poison,Arceus,,1,,238,238,237,4,248
494,Victini,,Victini,,1,,210,210,225,5,249
495,Snivy,,Snivy,,1,,88,107,128,5,250
496,Servine,,Snivy,,2,,122,152,155,5,250
497,Serperior,,Snivy,,3,,161,204,181,5,250
498,Tepig,,Tepig,,1,,115,85,163,5,251
499,Pignite,,Tepig,,2,,173,106,207,5,251
500,Emboar,,Tepig,,3,,235,127,242,5,251
501,Oshawott,,Oshawott,,1,,117,85,146,5,252
502,Dewott,,Oshawott,,2,,159,116,181,5,252
503,Samurott,,Oshawott,,3,,212,157,216,5,252
504,Patrat,,Patrat,,1,,98,73,128,5,253
505,Watchog,,Patrat,,2,,165,139,155,5,253
506,Lillipup,,Lillipup,,1,,107,86,128,5,254
507,Herdier,,Lillipup,,2,,145,126,163,5,254
508,Stoutland,,Lillipup,,3,,206,182,198,5,254
509,Purrloin,,Purrloin,,1,,98,73,121,5,255
510,Liepard,,Purrloin,,2,,187,106,162,5,255
511,Pansage,,Pansage,,1,,104,94,137,5,256
512,Simisage,,Pansage,,2,,206,133,181,5,256
513,Pansear,,Pansear,,1,,104,94,137,5,257
514,Simisear,,Pansear,,2,,206,133,181,5,257
515,Panpour,,Panpour,,1,,104,94,137,5,258
516,Simipour,,Panpour,,2,,206,133,181,5,258
517,Munna,,Munna,,1,,111,92,183,5,259
518,Musharna,,Munna,,2,,183,166,253,5,259
519,Pidove,,Pidove,,1,,98,80,137,5,260
520,Tranquill,,Pidove,,2,,144,107,158,5,260
521,Unfezant,,Pidove,,3,,226,146,190,5,260
522,Blitzle,,Blitzle,,1,,118,64,128,5,261
523,Zebstrika,,Blitzle,,2,,211,136,181,5,261
524,Roggenrola,,Roggenrola,,1,,121,110,146,5,262
525,Boldore,,Roggenrola,,2,,174,143,172,5,262
526,Gigalith,,Roggenrola,,3,,226,201,198,5,262
527,Woobat,,Woobat,,1,,107,85,163,5,263
528,Swoobat,,Woobat,,2,,161,119,167,5,263
529,Drilbur,,Drilbur,,1,,154,85,155,5,264
530,Excadrill,,Drilbur,,2,,255,129,242,5,264
531,Audino,,Audino,,1,,114,163,230,5,265
532,Timburr,,Timburr,,1,,134,87,181,5,266
533,Gurdurr,,Timburr,,2,,180,134,198,5,266
534,Conkeldurr,,Timburr,,3,,243,158,233,5,266
535,Tympole,,Tympole,,1,,98,78,137,5,267
536,Palpitoad,,Tympole,,2,,128,109,181,5,267
537,Seismitoad,,Tympole,,3,,188,150,233,5,267
538,Throh,,Throh,,1,,172,160,260,5,268
539,Sawk,,Sawk,,1,,231,153,181,5,269
540,Sewaddle,,Sewaddle,,1,,96,124,128,5,270
541,Swadloon,,Sewaddle,,2,,115,162,146,5,270
542,Leavanny,,Sewaddle,,3,,205,165,181,5,270
543,Venipede,,Venipede,,1,,83,99,102,5,271
544,Whirlipede,,Venipede,,2,,100,173,120,5,271
545,Scolipede,,Venipede,,3,,203,175,155,5,271
546,Cottonee,,Cottonee,,1,,71,111,120,5,272
547,Whimsicott,,Cottonee,,2,,164,176,155,5,272
548,Petilil,,Petilil,,1,,119,91,128,5,273
549,Lilligant,,Petilil,,2,,214,155,172,5,273
550,Basculin,,Basculin,,1,,189,129,172,5,274
551,Sandile,,Sandile,,1,,132,69,137,5,275
552,Krokorok,,Sandile,,2,,155,90,155,5,275
553,Krookodile,,Sandile,,3,,229,158,216,5,275
554,Darumaka,,Darumaka,,1,,153,86,172,5,276
555,Darmanitan,Zen,Darumaka,,2,,243,202,233,5,276
555,Darmanitan,Galarian Zen,Darumaka,,2,,323,123,233,5,276
555,Darmanitan,,Darumaka,,2,,263,114,233,5,276
555,Darmanitan,Galarian,Darumaka,,2,,263,114,233,5,276
556,Maractus,,Maractus,,1,,201,130,181,5,277
557,Dwebble,,Dwebble,,1,,118,128,137,5,278
558,Crustle,,Dwebble,,2,,188,200,172,5,278
559,Scraggy,,Scraggy,,1,,132,132,137,5,279
560,Scrafty,,Scraggy,,2,,163,222,163,5,279
561,Sigilyph,,Sigilyph,,1,,204,167,176,5,280
562,Yamask,Galarian,Yamask,,1,,116,95,141,8,281
562,Yamask,,Yamask,,2,,95,141,116,5,281
563,Cofagrigus,,Yamask,,2,,163,237,151,5,281
867,Runerigus,Galarian,Yamask,,2,,163,237,151,8,281
564,Tirtouga,,Tirtouga,,1,,134,146,144,5,282
565,Carracosta,,Tirtouga,,2,,192,197,179,5,282
566,Archen,,Archen,,1,,213,89,146,5,283
567,Archeops,,Archen,,2,,292,139,181,5,283
568,Trubbish,,Trubbish,,1,,96,122,137,5,284
569,Garbodor,,Trubbish,,2,,181,164,190,5,284
570,Zorua,,Zorua,,1,,153,78,120,5,285
571,Zoroark,,Zorua,,2,,250,127,155,5,285
572,Minccino,,Minccino,,1,,98,80,146,5,286
573,Cinccino,,Minccino,,2,,198,130,181,5,286
574,Gothita,,Gothita,,1,,98,112,128,5,287
575,Gothorita,,Gothita,,2,,137,153,155,5,287
576,Gothitelle,,Gothita,,3,,176,205,172,5,287
577,Solosis,,Solosis,,1,,170,83,128,5,288
578,Duosion,,Solosis,,2,,208,103,163,5,288
579,Reuniclus,,Solosis,,3,,214,148,242,5,288
580,Ducklett,,Ducklett,,1,,84,96,158,5,289
581,Swanna,,Ducklett,,2,,182,132,181,5,289
585,Deerling,Winter,Deerling,,1,,115,100,155,5,290
585,Deerling,Spring,Deerling,,1,,115,100,155,5,290
585,Deerling,Summer,Deerling,,1,,115,100,155,5,290
585,Deerling,,Deerling,,1,,115,100,155,5,290
585,Deerling,Autumn,Deerling,,1,,115,100,155,5,290
586,Sawsbuck,Winter,Deerling,,2,,198,146,190,5,290
586,Sawsbuck,,Deerling,,2,,198,146,190,5,290
586,Sawsbuck,Summer,Deerling,,2,,198,146,190,5,290
586,Sawsbuck,Spring,Deerling,,2,,198,146,190,5,290
586,Sawsbuck,Autumn,Deerling,,2,,198,146,190,5,290
587,Emolga,,Emolga,,1,,158,127,146,5,291
588,Karrablast,,Karrablast,,1,,137,87,137,5,292
589,Escavalier,,Karrablast,,2,,223,187,172,5,292
590,Foongus,,Foongus,,1,,97,91,170,5,293
591,Amoonguss,,Foongus,,2,,155,139,249,5,293
592,Frillish,,Frillish,,1,,115,134,146,5,294
593,Jellicent,,Frillish,,2,,159,178,225,5,294
594,Alomomola,,Alomomola,,1,,138,131,338,5,295
595,Joltik,,Joltik,,1,,110,98,137,5,296
596,Galvantula,,Joltik,,2,,201,128,172,5,296
597,Ferroseed,,Ferroseed,,1,,82,155,127,5,297
598,Ferrothorn,,Ferroseed,,2,,158,223,179,5,297
599,Klink,,Klink,,1,,98,121,120,5,298
600,Klang,,Klink,,2,,150,174,155,5,298
601,Klinklang,,Klink,,3,,199,214,155,5,298
602,Tynamo,,Tynamo,,1,,105,78,111,5,299
603,Eelektrik,,Tynamo,,2,,156,130,163,5,299
604,Eelektross,,Tynamo,,3,,217,152,198,5,299
605,Elgyem,,Elgyem,,1,,148,100,146,5,300
606,Beheeyem,,Elgyem,,2,,221,163,181,5,300
607,Litwick,,Litwick,,1,,108,98,137,5,301
608,Lampent,,Litwick,,2,,169,115,155,5,301
609,Chandelure,,Litwick,,3,,271,182,155,5,301
610,Axew,,Axew,,1,,154,101,130,5,302
611,Fraxure,,Axew,,2,,212,123,165,5,302
612,Haxorus,,Axew,,3,,284,172,183,5,302
613,Cubchoo,,Cubchoo,,1,,128,74,146,5,303
614,Beartic,,Cubchoo,,2,,233,152,216,5,303
615,Cryogonal,,Cryogonal,,1,,190,218,190,5,304
616,Shelmet,,Shelmet,,1,,72,140,137,5,305
617,Accelgor,,Shelmet,,2,,220,120,190,5,305
618,Stunfisk,,Stunfisk,,1,,144,171,240,5,306
619,Mienfoo,,Mienfoo,,1,,160,98,128,5,307
620,Mienshao,,Mienfoo,,2,,258,127,163,5,307
621,Druddigon,,Druddigon,,1,,213,170,184,5,308
622,Golett,,Golett,,1,,127,92,153,5,309
623,Golurk,,Golett,,2,,222,154,205,5,309
624,Pawniard,,Pawniard,,1,,154,114,128,5,310
625,Bisharp,,Pawniard,,2,,232,176,163,5,310
626,Bouffalant,,Bouffalant,,1,,195,182,216,5,311
627,Rufflet,,Rufflet,,1,,150,97,172,5,312
628,Braviary,,Rufflet,,2,,232,152,225,5,312
629,Vullaby,,Vullaby,,1,,105,139,172,5,313
630,Mandibuzz,,Vullaby,,2,,129,205,242,5,313
631,Heatmor,,Heatmor,,1,,204,129,198,5,314
632,Durant,,Durant,,1,,217,188,151,5,315
633,Deino,,Deino,,1,,116,93,141,5,316
634,Zweilous,,Deino,,2,,159,135,176,5,316
635,Hydreigon,,Deino,,3,,256,188,211,5,316
636,Larvesta,,Larvesta,,1,,156,107,146,5,317
637,Volcarona,,Larvesta,,2,,264,189,198,5,317
638,Cobalion,,Cobalion,,1,,192,229,209,5,318
639,Terrakion,,Terrakion,,1,,260,192,209,5,319
640,Virizion,,Virizion,,1,,192,229,209,5,320
641,Tornadus,Therian,Tornadus,,1,,238,189,188,5,321
641,Tornadus,,Tornadus,,1,,266,164,188,5,321
642,Thundurus,,Thundurus,,1,,266,164,188,5,322
642,Thundurus,Therian,Thundurus,,1,,295,161,188,5,322
643,Reshiram,,Reshiram,,1,,275,211,205,5,323
644,Zekrom,,Zekrom,,1,,275,211,205,5,324
645,Landorus,,Landorus,,1,,261,182,205,5,325
645,Landorus,Therian,Landorus,,1,,289,179,205,5,325
646,Kyurem,White,Kyurem,,1,,310,183,245,5,326
646,Kyurem,Black,Kyurem,,1,,310,183,245,5,326
646,Kyurem,,Kyurem,,1,,246,170,245,5,326
647,Keldeo,Ordinary,Keldeo,,1,,260,192,209,5,327
647,Keldeo,Resolute,Keldeo,,1,,260,192,209,5,327
648,Meloetta,Pirouette,Meloetta,,1,,269,188,225,5,328
648,Meloetta,Aria,Meloetta,,1,,250,225,225,5,328
649,Genesect,Douse,Genesect,,1,,252,199,174,5,329
649,Genesect,,Genesect,,1,,252,199,174,5,329
649,Genesect,Shock,Genesect,,1,,252,199,174,5,329
649,Genesect,Chill,Genesect,,1,,252,199,174,5,329
649,Genesect,Burn,Genesect,,1,,252,199,174,5,329
650,Chespin,,Chespin,,1,,110,106,148,6,330
651,Quilladin,,Chespin,,2,,146,156,156,6,330
652,Chesnaught,,Chespin,,3,,201,204,204,6,330
653,Fennekin,,Fennekin,,1,,116,102,120,6,331
654,Braixen,,Fennekin,,2,,171,130,153,6,331
655,Delphox,,Fennekin,,3,,230,189,181,6,331
656,Froakie,,Froakie,,1,,122,84,121,6,332
657,Frogadier,,Froakie,,2,,168,114,144,6,332
658,Greninja,,Froakie,,3,,223,152,176,6,332
659,Bunnelby,,Bunnelby,,1,,68,72,116,6,333
660,Diggersby,,Bunnelby,,2,,112,155,198,6,333
661,Fletchling,,Fletchling,,1,,95,80,128,6,334
662,Fletchinder,,Fletchling,,2,,145,110,158,6,334
663,Talonflame,,Fletchling,,3,,176,155,186,6,334
664,Scatterbug,,Scatterbug,,1,,63,63,116,6,335
665,Spewpa,,Scatterbug,,2,,48,89,128,6,335
666,Vivillon,,Scatterbug,,3,,176,103,190,6,335
667,Litleo,,Litleo,,1,,139,112,158,6,336
668,Pyroar,,Litleo,,2,,221,149,200,6,336
669,Flabébé,,Flabébé,,1,,108,120,127,6,337
670,Floette,,Flabébé,,2,,136,151,144,6,337
671,Florges,,Flabébé,,3,,212,244,186,6,337
672,Skiddo,,Skiddo,,1,,123,102,165,6,338
673,Gogoat,,Skiddo,,2,,196,146,265,6,338
674,Pancham,,Pancham,,1,,145,107,167,6,339
675,Pangoro,,Pancham,,2,,226,146,216,6,339
676,Furfrou,,Furfrou,,1,,164,167,181,6,340
677,Espurr,,Espurr,,1,,120,114,158,6,341
678,Meowstic,,Espurr,,2,,166,167,179,6,341
679,Honedge,,Honedge,,1,,135,139,128,6,342
680,Doublade,,Honedge,,2,,188,206,153,6,342
681,Aegislash,,Honedge,,3,,97,291,155,6,342
682,Spritzee,,Spritzee,,1,,110,113,186,6,343
683,Aromatisse,,Spritzee,,2,,173,150,226,6,343
684,Swirlix,,Swirlix,,1,,109,119,158,6,344
685,Slurpuff,,Swirlix,,2,,168,163,193,6,344
686,Inkay,,Inkay,,1,,98,95,142,6,345
687,Malamar,,Inkay,,2,,177,165,200,6,345
688,Binacle,,Binacle,,1,,96,120,123,6,346
689,Barbaracle,,Binacle,,2,,194,205,176,6,346
690,Skrelp,,Skrelp,,1,,109,109,137,6,347
691,Dragalge,,Skrelp,,2,,177,207,163,6,347
692,Clauncher,,Clauncher,,1,,108,117,137,6,348
693,Clawitzer,,Clauncher,,2,,221,171,174,6,348
694,Helioptile,,Helioptile,,1,,115,78,127,6,349
695,Heliolisk,,Helioptile,,2,,219,168,158,6,349
696,Tyrunt,,Tyrunt,,1,,158,123,151,6,350
697,Tyrantrum,,Tyrunt,,2,,227,191,193,6,350
698,Amaura,,Amaura,,1,,124,109,184,6,351
699,Aurorus,,Amaura,,2,,186,163,265,6,351
701,Hawlucha,,Hawlucha,,1,,195,153,186,6,352
702,Dedenne,,Dedenne,,1,,164,134,167,6,353
703,Carbink,,Carbink,,1,,95,285,137,6,354
704,Goomy,,Goomy,,1,,101,112,128,6,355
705,Sliggoo,,Goomy,,2,,159,176,169,6,355
706,Goodra,,Goomy,,3,,220,242,207,6,355
707,Klefki,,Klefki,,1,,160,179,149,6,356
708,Phantump,,Phantump,,1,,125,103,125,6,357
709,Trevenant,,Phantump,,2,,201,154,198,6,357
710,Pumpkaboo,,Pumpkaboo,,1,,122,124,127,6,358
711,Gourgeist,,Pumpkaboo,,2,,171,219,146,6,358
712,Bergmite,,Bergmite,,1,,117,120,146,6,359
713,Avalugg,,Bergmite,,2,,196,240,216,6,359
714,Noibat,,Noibat,,1,,83,73,120,6,360
715,Noivern,,Noibat,,2,,205,175,198,6,360
716,Xerneas,,Xerneas,,1,,275,203,270,6,361
717,Yveltal,,Yveltal,,1,,275,203,270,6,362
718,Zygarde,,Zygarde,,1,,203,232,239,6,363
719,Diancie,,Diancie,,1,,190,285,137,6,364
720,Hoopa,,Hoopa,,1,,287,206,190,6,365
721,Volcanion,,Volcanion,,1,,341,210,190,6,366
722,Rowlet,,Rowlet,,1,,102,99,169,7,367
723,Dartrix,,Rowlet,,2,,142,139,186,7,367
724,Decidueye,,Rowlet,,3,,210,179,186,7,367
725,Litten,,Litten,,1,,128,79,128,7,368
726,Torracat,,Litten,,2,,174,103,163,7,368
727,Incineroar,,Litten,,3,,214,175,216,7,368
728,Popplio,,Popplio,,1,,120,103,137,7,369
729,Brionne,,Popplio,,2,,168,145,155,7,369
730,Primarina,,Popplio,,3,,232,195,190,7,369
731,Pikipek,,Pikipek,,1,,136,59,111,7,370
732,Trumbeak,,Pikipek,,2,,159,100,146,7,370
733,Toucannon,,Pikipek,,3,,222,146,190,7,370
734,Yungoos,,Yungoos,,1,,122,56,134,7,371
735,Gumshoos,,Yungoos,,2,,194,113,204,7,371
736,Grubbin,,Grubbin,,1,,115,85,132,7,372
737,Charjabug,,Grubbin,,2,,145,161,149,7,372
738,Vikavolt,,Grubbin,,3,,254,158,184,7,372
739,Crabrawler,,Crabrawler,,1,,150,104,132,7,373
740,Crabominable,,Crabrawler,,2,,231,138,219,7,373
741,Oricorio,,Oricorio,,1,,196,145,181,7,374
742,Cutiefly,,Cutiefly,,1,,110,81,120,7,375
743,Ribombee,,Cutiefly,,2,,198,146,155,7,375
744,Rockruff,,Rockruff,,1,,117,78,128,7,376
745,Lycanroc,,Rockruff,,2,,231,140,181,7,376
746,Wishiwashi,,Wishiwashi,,1,,46,43,128,7,377
747,Mareanie,,Mareanie,,1,,98,110,137,7,378
748,Toxapex,,Mareanie,,2,,114,273,137,7,378
749,Mudbray,,Mudbray,,1,,175,121,172,7,379
750,Mudsdale,,Mudbray,,2,,214,174,225,7,379
751,Dewpider,,Dewpider,,1,,72,117,116,7,380
752,Araquanid,,Dewpider,,2,,126,219,169,7,380
753,Fomantis,,Fomantis,,1,,100,64,120,7,381
754,Lurantis,,Fomantis,,2,,192,169,172,7,381
755,Morelull,,Morelull,,1,,108,119,120,7,382
756,Shiinotic,,Morelull,,2,,154,168,155,7,382
757,Salandit,,Salandit,,1,,136,80,134,7,383
758,Salazzle,,Salandit,,2,,228,130,169,7,383
759,Stufful,,Stufful,,1,,136,95,172,7,384
760,Bewear,,Stufful,,2,,226,141,260,7,384
761,Bounsweet,,Bounsweet,,1,,55,69,123,7,385
762,Steenee,,Bounsweet,,2,,78,94,141,7,385
763,Tsareena,,Bounsweet,,3,,222,195,176,7,385
764,Comfey,,Comfey,,1,,165,215,139,7,386
765,Oranguru,,Oranguru,,1,,168,192,207,7,387
766,Passimian,,Passimian,,1,,222,160,225,7,388
767,Wimpod,,Wimpod,,1,,67,74,93,7,389
768,Golisopod,,Wimpod,,2,,218,226,181,7,389
769,Sandygast,,Sandygast,,1,,120,118,146,7,390
770,Palossand,,Sandygast,,2,,178,178,198,7,390
771,Pyukumuku,,Pyukumuku,,1,,97,224,146,7,391
772,Type: Null,,Type: Null,,1,,184,184,216,7,392
773,Silvally,,Type: Null,,2,,198,198,216,7,392
774,Minior,,Minior,,1,,116,194,155,7,393
775,Komala,,Komala,,1,,216,165,163,7,394
776,Turtonator,,Turtonator,,1,,165,215,155,7,395
777,Togedemaru,,Togedemaru,,1,,190,145,163,7,396
778,Mimikyu,,Mimikyu,,1,,177,199,146,7,397
779,Bruxish,,Bruxish,,1,,208,145,169,7,398
780,Drampa,,Drampa,,1,,231,164,186,7,399
781,Dhelmise,,Dhelmise,,1,,233,179,172,7,400
782,Jangmo-o,,Jangmo-o,,1,,102,108,128,7,401
783,Hakamo-o,,Jangmo-o,,2,,145,162,146,7,401
784,Kommo-o,,Jangmo-o,,3,,222,240,181,7,401
785,Tapu Koko,,Tapu Koko,,1,,250,181,172,7,402
786,Tapu Lele,,Tapu Lele,,1,,259,208,172,7,403
787,Tapu Bulu,,Tapu Bulu,,1,,249,215,172,7,404
788,Tapu Fini,,Tapu Fini,,1,,189,254,172,7,405
789,Cosmog,,Cosmog,,1,,54,57,125,7,406
790,Cosmoem,,Cosmog,,2,,54,242,125,7,406
791,Solgaleo,,Cosmog,,3,1,280,210,289,7,406
792,Lunala,,Cosmog,,3,2,280,210,289,7,406
793,Nihilego,,Nihilego,,1,,249,210,240,7,407
794,Buzzwole,,Buzzwole,,1,,259,216,237,7,408
795,Pheromosa,,Pheromosa,,1,,316,85,174,7,409
796,Xurkitree,,Xurkitree,,1,,330,144,195,7,410
797,Celesteela,,Celesteela,,1,,207,199,219,7,411
798,Kartana,,Kartana,,1,,355,200,153,7,412
799,Guzzlord,,Guzzlord,,1,,188,99,440,7,413
800,Necrozma,,Necrozma,,1,,251,195,219,7,414
801,Magearna,,Magearna,,1,,246,225,190,7,415
802,Marshadow,,Marshadow,,1,,265,190,207,7,416
803,Poipole,,Poipole,,1,,1,1,1,7,417
804,Naganadel,,Poipole,,2,,1,1,1,7,417
805,Stakataka,,Stakataka,,1,,1,1,1,7,418
806,Blacephalon,,Blacephalon,,1,,1,1,1,7,419
807,Zeraora,,Zeraora,,1,,1,1,1,7,420
808,Meltan,,Meltan,,1,,118,99,130,7,421
809,Melmetal,,Meltan,,2,,226,190,264,7,421
